{"licenses": [{"name": "", "id": 0, "url": ""}], "info": {"contributor": "", "date_created": "", "description": "", "url": "", "version": "", "year": ""}, "categories": [{"id": 1, "name": "window pane", "supercategory": ""}, {"id": 2, "name": "window frame", "supercategory": ""}, {"id": 3, "name": "open-window", "supercategory": ""}, {"id": 4, "name": "wall frame", "supercategory": ""}, {"id": 5, "name": "wall", "supercategory": ""}, {"id": 6, "name": "shutter", "supercategory": ""}, {"id": 7, "name": "blind", "supercategory": ""}, {"id": 8, "name": "bars", "supercategory": ""}, {"id": 9, "name": "misc object", "supercategory": ""}, {"id": 10, "name": "balcony", "supercategory": ""}, {"id": 11, "name": "door", "supercategory": ""}], "images": [{"id": 1, "width": 2451, "height": 2145, "file_name": "43e6b988966300d3b03105ea14d47161.jpg", "license": 0, "flickr_url": "", "coco_url": "", "date_captured": 0}, {"id": 2, "width": 3160, "height": 4951, "file_name": "74e5642091cc246a0919560369f23d46.jpg", "license": 0, "flickr_url": "", "coco_url": "", "date_captured": 0}, {"id": 3, "width": 1958, "height": 1726, "file_name": "81264db9f9186f65887e895193468b94.jpg", "license": 0, "flickr_url": "", "coco_url": "", "date_captured": 0}, {"id": 4, "width": 2002, "height": 1977, "file_name": "858c544bf4a0c43213cff71cbc09c7cb.jpg", "license": 0, "flickr_url": "", "coco_url": "", "date_captured": 0}, {"id": 5, "width": 1353, "height": 1078, "file_name": "8be235373c99a9c27def3483c57f0de1.jpg", "license": 0, "flickr_url": "", "coco_url": "", "date_captured": 0}], "annotations": [{"id": 1, "image_id": 1, "category_id": 1, "segmentation": [[1334.87, 1383.43, 1407.04, 1387.88, 1488.12, 1386.99, 1558.07, 1389.67, 1607.05, 1393.85, 1612.07, 1029.8, 1291.37, 1016.54, 1279.5, 1382.2]], "area": 117990.0, "bbox": [1279.5, 1016.54, 332.57, 377.31], "iscrowd": 0, "attributes": {"occluded": false}}, {"id": 2, "image_id": 1, "category_id": 9, "segmentation": [[0.0, 1331.75, 183.67, 1339.32, 301.28, 1340.66, 419.34, 1348.23, 531.17, 1352.24, 589.08, 1355.36, 633.63, 1354.92, 706.7, 1355.81, 784.22, 1361.6, 835.45, 1365.61, 944.15, 1367.84, 1006.97, 1371.4, 1111.22, 1372.29, 1236.41, 1381.2, 1334.87, 1383.43, 1407.04, 1387.88, 1488.12, 1386.99, 1558.07, 1389.67, 1668.11, 1399.02, 1762.11, 1400.8, 1835.18, 1405.26, 1964.38, 1405.7, 2063.28, 1412.83, 2169.76, 1415.06, 2251.73, 1420.85, 2356.43, 1420.85, 2451.0, 1427.53, 2451.0, 1452.93, 2356.87, 1451.59, 2246.83, 1444.46, 2119.86, 1441.35, 2040.11, 1436.44, 1943.44, 1435.11, 1836.51, 1428.87, 1810.23, 1425.31, 1715.78, 1423.08, 1666.33, 1419.52, 1541.59, 1419.52, 1402.14, 1411.05, 1308.58, 1407.93, 1233.74, 1403.48, 1088.5, 1403.03, 990.49, 1395.46, 887.13, 1391.45, 830.1, 1386.99, 694.67, 1386.55, 585.07, 1377.64, 492.85, 1376.75, 406.42, 1370.95, 294.15, 1370.95, 173.42, 1361.6, 163.62, 1360.71, 46.45, 1357.59, 0.0, 1355.36]], "area": 63484.0, "bbox": [0.0, 1331.75, 2451.0, 121.18], "iscrowd": 0, "attributes": {"occluded": false}}, {"id": 3, "image_id": 1, "category_id": 4, "segmentation": [[1669.66, 1715.48, 1668.1, 1419.6, 1715.78, 1423.08, 1810.23, 1425.31, 1836.51, 1428.87, 1943.44, 1435.11, 1944.23, 1436.13, 1943.51, 1516.76, 1945.66, 1574.45, 1944.23, 1604.19, 1944.23, 1639.66, 1946.38, 1672.27, 1948.53, 1690.18, 1949.6, 1710.25, 1950.1, 1725.0, 1833.52, 1720.59, 1813.72, 1716.57, 1802.27, 1718.12]], "area": 80780.0, "bbox": [1668.1, 1419.6, 282.0, 305.4], "iscrowd": 0, "attributes": {"wall frame": true, "window apron": false, "window header": false, "occluded": false}}, {"id": 4, "image_id": 1, "category_id": 4, "segmentation": [[1668.11, 1399.02, 1677.4, 1030.8, 1943.5, 1045.3, 1944.2, 1405.7, 1835.18, 1405.26, 1762.11, 1400.8]], "area": 98991.0, "bbox": [1668.11, 1030.8, 276.09, 374.9], "iscrowd": 0, "attributes": {"wall frame": true, "window apron": false, "window header": false, "occluded": false}}, {"id": 5, "image_id": 1, "category_id": 4, "segmentation": [[1677.9, 996.5, 1686.74, 586.85, 1687.0, 504.38, 1729.72, 477.13, 1729.72, 461.04, 1734.06, 459.18, 1937.15, 468.47, 1940.24, 471.56, 1939.0, 507.47, 1941.48, 922.94, 1941.3, 1011.3]], "area": 137599.0, "bbox": [1677.9, 459.18, 263.58, 552.12], "iscrowd": 0, "attributes": {"wall frame": true, "window apron": false, "window header": false, "occluded": false}}, {"id": 6, "image_id": 1, "category_id": 5, "segmentation": [[1940.24, 471.56, 2221.2, 482.7, 2222.56, 587.35, 2212.75, 681.86, 2201.16, 825.41, 2196.9, 1025.6, 1941.3, 1011.3, 1941.48, 922.94, 1939.0, 507.47]], "area": 145508.0, "bbox": [1939.0, 471.56, 283.56, 554.04], "iscrowd": 0, "attributes": {"occluded": false}}, {"id": 7, "image_id": 1, "category_id": 5, "segmentation": [[2451.0, 1039.85, 2451.0, 0.0, 2317.96, 0.0, 2295.67, 25.63, 2273.38, 58.62, 2272.49, 86.26, 2260.9, 96.96, 2221.2, 482.7, 2222.56, 587.35, 2212.75, 681.86, 2201.16, 825.41, 2196.9, 1025.6]], "area": 230348.0, "bbox": [2196.9, 0.0, 254.1, 1039.85], "iscrowd": 0, "attributes": {"occluded": false}}, {"id": 8, "image_id": 1, "category_id": 2, "segmentation": [[1163.27, 1692.69, 1174.0, 1403.3, 1233.74, 1403.48, 1278.3, 1406.2, 1269.06, 1697.84]], "area": 30664.0, "bbox": [1163.27, 1403.3, 115.03, 294.54], "iscrowd": 0, "attributes": {"occluded": false}}, {"id": 9, "image_id": 1, "category_id": 2, "segmentation": [[1606.7, 1419.5, 1602.38, 1712.8, 1669.66, 1715.48, 1668.1, 1419.6, 1666.33, 1419.52]], "area": 18897.0, "bbox": [1602.38, 1419.5, 67.28, 295.98], "iscrowd": 0, "attributes": {"occluded": false}}, {"id": 10, "image_id": 1, "category_id": 5, "segmentation": [[0.0, 1685.02, 6.37, 1677.28, 9.38, 1673.84, 39.6, 1357.3, 0.0, 1355.36]], "area": 7840.0, "bbox": [0.0, 1355.36, 39.6, 329.66], "iscrowd": 0, "attributes": {"occluded": false}}, {"id": 11, "image_id": 1, "category_id": 5, "segmentation": [[152.24, 203.06, 2194.1, 277.76, 2224.44, 0.0, 2317.96, 0.0, 2295.67, 25.63, 2273.38, 58.62, 2272.49, 86.26, 2260.9, 96.96, 2221.2, 482.7, 1940.24, 471.56, 1937.15, 468.47, 1734.06, 459.18, 792.42, 416.46, 776.81, 414.97, 770.87, 418.68, 581.4, 411.25, 134.23, 389.95, 133.52, 381.39, 139.76, 320.76, 144.22, 298.47]], "area": 422147.0, "bbox": [133.52, 0.0, 2184.44, 482.7], "iscrowd": 0, "attributes": {"occluded": false}}, {"id": 12, "image_id": 1, "category_id": 5, "segmentation": [[546.3, 933.1, 548.71, 905.36, 574.72, 530.14, 581.4, 411.25, 134.23, 389.95, 134.23, 404.92, 119.25, 556.85, 119.25, 586.81, 117.11, 594.3, 102.13, 755.86, 91.43, 850.02, 88.22, 876.76, 85.4, 907.2]], "area": 236594.0, "bbox": [85.4, 389.95, 496.0, 543.15], "iscrowd": 0, "attributes": {"occluded": false}}, {"id": 13, "image_id": 1, "category_id": 1, "segmentation": [[1308.58, 1407.93, 1278.3, 1406.2, 1269.06, 1697.84, 1602.38, 1712.8, 1606.7, 1419.5, 1541.59, 1419.52, 1402.14, 1411.05]], "area": 96556.0, "bbox": [1269.06, 1406.2, 337.64, 306.6], "iscrowd": 0, "attributes": {"occluded": false}}, {"id": 14, "image_id": 1, "category_id": 4, "segmentation": [[801.6, 947.3, 831.08, 555.03, 832.54, 466.98, 793.9, 438.75, 792.42, 416.46, 776.81, 414.97, 770.87, 418.68, 581.4, 411.25, 574.72, 530.14, 548.71, 905.36, 546.3, 933.1]], "area": 133158.0, "bbox": [546.3, 411.25, 286.24, 536.05], "iscrowd": 0, "attributes": {"wall frame": true, "window apron": false, "window header": false, "occluded": false}}, {"id": 15, "image_id": 1, "category_id": 4, "segmentation": [[792.42, 416.46, 793.9, 438.75, 832.54, 466.98, 831.08, 555.03, 1071.01, 563.63, 1503.14, 583.41, 1658.79, 586.85, 1686.74, 586.85, 1687.0, 504.38, 1729.72, 477.13, 1729.72, 461.04, 1734.06, 459.18]], "area": 117762.0, "bbox": [792.42, 416.46, 941.64, 170.39], "iscrowd": 0, "attributes": {"wall frame": false, "window apron": false, "window header": true, "occluded": false}}, {"id": 16, "image_id": 1, "category_id": 1, "segmentation": [[831.74, 1676.72, 847.0, 1388.3, 887.13, 1391.45, 990.49, 1395.46, 1088.5, 1403.03, 1174.0, 1403.3, 1163.27, 1692.69]], "area": 94839.0, "bbox": [831.74, 1388.3, 342.26, 304.39], "iscrowd": 0, "attributes": {"occluded": false}}, {"id": 17, "image_id": 1, "category_id": 5, "segmentation": [[0.0, 902.39, 85.4, 907.2, 88.22, 876.76, 91.43, 850.02, 102.13, 755.86, 117.11, 594.3, 119.25, 586.81, 119.25, 556.85, 134.23, 404.92, 134.23, 389.95, 133.52, 381.39, 139.76, 320.76, 144.22, 298.47, 152.24, 203.06, 152.24, 159.38, 151.35, 112.12, 153.13, 89.83, 153.13, 80.91, 150.46, 43.47, 147.78, 15.83, 141.54, 0.0, 0.0, 0.0]], "area": 114791.0, "bbox": [0.0, 0.0, 153.13, 907.2], "iscrowd": 0, "attributes": {"occluded": false}}, {"id": 18, "image_id": 1, "category_id": 5, "segmentation": [[1943.5, 1045.3, 1944.2, 1405.7, 1964.38, 1405.7, 2063.28, 1412.83, 2169.76, 1415.06, 2207.7, 1417.8, 2199.4, 1059.4]], "area": 93280.0, "bbox": [1943.5, 1045.3, 264.2, 372.5], "iscrowd": 0, "attributes": {"occluded": false}}, {"id": 19, "image_id": 1, "category_id": 1, "segmentation": [[944.15, 1367.84, 1006.97, 1371.4, 1111.22, 1372.29, 1176.4, 1376.9, 1189.94, 1012.65, 866.66, 1000.2, 846.8, 1365.8]], "area": 119070.0, "bbox": [846.8, 1000.2, 343.14, 376.7], "iscrowd": 0, "attributes": {"occluded": false}}, {"id": 20, "image_id": 1, "category_id": 5, "segmentation": [[2451.0, 1427.53, 2356.43, 1420.85, 2251.73, 1420.85, 2207.7, 1417.8, 2199.4, 1059.4, 2451.0, 1073.11]], "area": 87934.0, "bbox": [2199.4, 1059.4, 251.6, 368.13], "iscrowd": 0, "attributes": {"occluded": false}}, {"id": 21, "image_id": 1, "category_id": 5, "segmentation": [[1836.28, 2144.83, 1290.6, 1829.1, 1210.47, 1785.06, 1185.6, 1797.62, 1180.98, 1800.7, 551.59, 2102.1, 460.0, 2097.8, 273.19, 2094.3, 271.34, 2101.69, 276.88, 2145.0]], "area": 258746.0, "bbox": [271.34, 1785.06, 1564.94, 359.94], "iscrowd": 0, "attributes": {"occluded": false}}, {"id": 22, "image_id": 1, "category_id": 5, "segmentation": [[411.6, 1698.01, 57.54, 1673.41, 19.7, 1672.55, 6.37, 1677.28, 0.0, 1685.02, 0.0, 1825.63, 478.92, 1849.28, 460.0, 2097.8, 551.59, 2102.1, 1180.98, 1800.7, 1180.98, 1791.46, 1176.36, 1783.0, 1171.74, 1779.92, 1167.12, 1776.84, 1154.8, 1776.07, 1148.64, 1772.99, 1143.26, 1779.15, 1140.18, 1785.3, 1129.4, 1789.15, 1124.01, 1796.08, 1123.24, 1803.01, 476.57, 1776.07, 467.33, 1773.76, 466.56, 1762.21, 468.1, 1752.2, 454.25, 1739.88, 448.09, 1720.64, 440.0, 1703.8, 431.71, 1703.89, 420.57, 1703.58]], "area": 197812.0, "bbox": [0.0, 1672.55, 1180.98, 429.55], "iscrowd": 0, "attributes": {"occluded": false}}, {"id": 23, "image_id": 1, "category_id": 2, "segmentation": [[801.6, 947.3, 871.95, 898.04, 888.54, 619.49, 861.18, 591.58, 831.08, 555.03]], "area": 21562.0, "bbox": [801.6, 555.03, 86.94, 392.27], "iscrowd": 0, "attributes": {"occluded": false}}, {"id": 24, "image_id": 1, "category_id": 5, "segmentation": [[141.54, 0.0, 147.78, 15.83, 150.46, 43.47, 153.13, 80.91, 153.13, 89.83, 151.35, 112.12, 152.24, 159.38, 152.24, 203.06, 2194.1, 277.76, 2224.44, 0.0]], "area": 495311.0, "bbox": [141.54, 0.0, 2082.9, 277.76], "iscrowd": 0, "attributes": {"occluded": false}}, {"id": 25, "image_id": 1, "category_id": 5, "segmentation": [[2232.13, 2145.0, 2223.42, 1923.79, 1953.02, 1914.45, 1949.71, 2145.0]], "area": 62429.0, "bbox": [1949.71, 1914.45, 282.42, 230.55], "iscrowd": 0, "attributes": {"occluded": false}}, {"id": 26, "image_id": 1, "category_id": 5, "segmentation": [[516.0, 1351.8, 543.08, 968.76, 83.2, 943.5, 47.4, 1307.4, 43.3, 1333.6, 183.67, 1339.32, 301.28, 1340.66, 419.34, 1348.23]], "area": 180372.0, "bbox": [43.3, 943.5, 499.78, 408.3], "iscrowd": 0, "attributes": {"occluded": false}}, {"id": 27, "image_id": 1, "category_id": 4, "segmentation": [[440.0, 1703.8, 442.53, 1670.16, 456.77, 1668.0, 948.37, 1695.53, 1790.21, 1731.73, 1993.78, 1739.47, 1996.56, 1745.34, 1998.73, 1774.74, 2009.25, 1771.95, 2016.98, 1767.62, 2019.46, 1753.08, 2017.91, 1737.61, 2009.87, 1727.4, 1833.52, 1720.59, 1813.72, 1716.57, 1802.27, 1718.12, 1669.66, 1715.48, 1602.38, 1712.8, 1269.06, 1697.84, 1163.27, 1692.69, 831.74, 1676.72, 761.95, 1673.63, 724.07, 1670.47, 646.42, 1668.31, 434.8, 1654.7, 424.28, 1652.84, 421.19, 1659.03, 423.04, 1665.52, 423.66, 1680.99, 418.09, 1679.76, 413.76, 1682.23, 409.74, 1690.58, 411.6, 1698.01, 420.57, 1703.58, 431.71, 1703.89]], "area": 20712.0, "bbox": [409.74, 1652.84, 1609.72, 121.9], "iscrowd": 0, "attributes": {"wall frame": false, "window apron": true, "window header": false, "occluded": false}}, {"id": 28, "image_id": 1, "category_id": 5, "segmentation": [[0.0, 1331.75, 43.3, 1333.6, 47.4, 1307.4, 83.2, 943.5, 0.0, 938.97]], "area": 25094.0, "bbox": [0.0, 938.97, 83.2, 394.63], "iscrowd": 0, "attributes": {"occluded": false}}, {"id": 29, "image_id": 1, "category_id": 5, "segmentation": [[1998.73, 1774.74, 2009.25, 1771.95, 2016.98, 1767.62, 2019.46, 1753.08, 2017.91, 1737.61, 2009.87, 1727.4, 1950.1, 1725.0, 1949.6, 1710.25, 1948.53, 1690.18, 1946.38, 1672.27, 1944.23, 1639.66, 1944.23, 1604.19, 1945.66, 1574.45, 1943.51, 1516.76, 1944.23, 1436.13, 1943.44, 1435.11, 2040.11, 1436.44, 2119.86, 1441.35, 2208.91, 1443.54, 2213.67, 1538.51, 2190.04, 1765.57, 2191.9, 1768.06, 2200.82, 1764.12, 2199.78, 1775.94]], "area": 83753.0, "bbox": [1943.44, 1435.11, 270.23, 340.83], "iscrowd": 0, "attributes": {"occluded": false}}, {"id": 30, "image_id": 1, "category_id": 2, "segmentation": [[871.95, 898.04, 1615.16, 928.28, 1620.87, 648.35, 888.54, 619.49, 861.18, 591.58, 831.08, 555.03, 1071.01, 563.63, 1503.14, 583.41, 1658.79, 586.85, 1686.74, 586.85, 1677.9, 996.5, 801.6, 947.3]], "area": 119311.0, "bbox": [801.6, 555.03, 885.14, 441.47], "iscrowd": 0, "attributes": {"occluded": false}}, {"id": 31, "image_id": 1, "category_id": 2, "segmentation": [[831.74, 1676.72, 847.0, 1388.3, 830.1, 1386.99, 782.76, 1386.82, 761.95, 1673.63]], "area": 19343.0, "bbox": [761.95, 1386.82, 85.05, 289.9], "iscrowd": 0, "attributes": {"occluded": false}}, {"id": 32, "image_id": 1, "category_id": 5, "segmentation": [[1185.6, 1797.62, 1190.99, 1791.46, 1195.6, 1786.07, 1198.68, 1780.69, 1204.84, 1782.23, 1211.0, 1775.3, 1224.09, 1773.76, 1230.25, 1774.53, 1237.18, 1780.69, 1247.18, 1786.84, 1257.96, 1796.08, 1264.89, 1793.77, 1270.28, 1784.54, 1281.83, 1782.23, 1303.38, 1781.46, 1312.62, 1789.92, 1321.86, 1798.39, 1323.4, 1809.94, 1481.22, 1819.18, 1961.6, 1838.42, 1972.38, 1830.73, 1966.99, 1819.95, 1970.84, 1811.48, 1985.46, 1798.39, 1998.73, 1774.74, 2199.78, 1775.94, 2200.82, 1764.12, 2191.9, 1768.06, 2190.04, 1765.57, 2213.67, 1538.51, 2208.91, 1443.54, 2246.83, 1444.46, 2356.87, 1451.59, 2451.0, 1452.93, 2451.0, 2145.0, 2232.13, 2145.0, 2223.42, 1923.79, 1953.02, 1914.45, 1949.71, 2145.0, 1836.28, 2144.83, 1290.6, 1829.1, 1210.47, 1785.06]], "area": 329452.0, "bbox": [1185.6, 1443.54, 1265.4, 701.46], "iscrowd": 0, "attributes": {"occluded": false}}, {"id": 33, "image_id": 1, "category_id": 1, "segmentation": [[871.95, 898.04, 1615.16, 928.28, 1620.87, 648.35, 888.54, 619.49]], "area": 206293.0, "bbox": [871.95, 619.49, 748.92, 308.79], "iscrowd": 0, "attributes": {"occluded": false}}, {"id": 34, "image_id": 1, "category_id": 5, "segmentation": [[6.37, 1677.28, 19.7, 1672.55, 57.54, 1673.41, 411.6, 1698.01, 409.74, 1690.58, 413.76, 1682.23, 418.09, 1679.76, 423.66, 1680.99, 423.04, 1665.52, 421.19, 1659.03, 424.28, 1652.84, 434.8, 1654.7, 500.1, 1658.8, 515.45, 1377.03, 492.85, 1376.75, 406.42, 1370.95, 294.15, 1370.95, 173.42, 1361.6, 163.62, 1360.71, 46.45, 1357.59, 39.6, 1357.3, 9.38, 1673.84]], "area": 151145.0, "bbox": [6.37, 1357.3, 509.08, 340.71], "iscrowd": 0, "attributes": {"occluded": false}}, {"id": 35, "image_id": 1, "category_id": 5, "segmentation": [[276.88, 2145.0, 271.34, 2101.69, 273.19, 2094.3, 460.0, 2097.8, 478.92, 1849.28, 0.0, 1825.63, 0.0, 2145.0]], "area": 134985.0, "bbox": [0.0, 1825.63, 478.92, 319.37], "iscrowd": 0, "attributes": {"occluded": false}}, {"id": 36, "image_id": 1, "category_id": 9, "segmentation": [[0.0, 938.97, 2451.0, 1073.11, 2451.0, 1039.85, 0.0, 902.39]], "area": 85784.0, "bbox": [0.0, 902.39, 2451.0, 170.72], "iscrowd": 0, "attributes": {"occluded": false}}, {"id": 37, "image_id": 1, "category_id": 2, "segmentation": [[846.8, 1365.8, 835.45, 1365.61, 784.22, 1361.6, 802.6, 982.9, 1677.4, 1030.8, 1668.11, 1399.02, 1607.05, 1393.85, 1612.07, 1029.8, 1291.37, 1016.54, 1279.5, 1382.2, 1236.41, 1381.2, 1176.4, 1376.9, 1189.94, 1012.65, 866.66, 1000.2]], "area": 90825.0, "bbox": [784.22, 982.9, 893.18, 416.12], "iscrowd": 0, "attributes": {"occluded": false}}, {"id": 38, "image_id": 1, "category_id": 4, "segmentation": [[440.0, 1703.8, 442.53, 1670.16, 456.77, 1668.0, 948.37, 1695.53, 1790.21, 1731.73, 1993.78, 1739.47, 1996.56, 1745.34, 1998.73, 1774.74, 1985.46, 1798.39, 1970.84, 1811.48, 1966.99, 1819.95, 1972.38, 1830.73, 1961.6, 1838.42, 1481.22, 1819.18, 1323.4, 1809.94, 1321.86, 1798.39, 1312.62, 1789.92, 1303.38, 1781.46, 1281.83, 1782.23, 1270.28, 1784.54, 1264.89, 1793.77, 1257.96, 1796.08, 1247.18, 1786.84, 1237.18, 1780.69, 1230.25, 1774.53, 1224.09, 1773.76, 1211.0, 1775.3, 1204.84, 1782.23, 1198.68, 1780.69, 1195.6, 1786.07, 1190.99, 1791.46, 1185.6, 1797.62, 1180.98, 1800.7, 1180.98, 1791.46, 1176.36, 1783.0, 1171.74, 1779.92, 1167.12, 1776.84, 1154.8, 1776.07, 1148.64, 1772.99, 1143.26, 1779.15, 1140.18, 1785.3, 1129.4, 1789.15, 1124.01, 1796.08, 1123.24, 1803.01, 476.57, 1776.07, 467.33, 1773.76, 466.56, 1762.21, 468.1, 1752.2, 454.25, 1739.88, 448.09, 1720.64]], "area": 150515.0, "bbox": [440.0, 1668.0, 1558.73, 170.42], "iscrowd": 0, "attributes": {"wall frame": false, "window apron": true, "window header": false, "occluded": false}}, {"id": 39, "image_id": 1, "category_id": 4, "segmentation": [[646.42, 1668.31, 724.07, 1670.47, 761.95, 1673.63, 782.76, 1386.82, 694.67, 1386.55, 585.07, 1377.64, 515.45, 1377.03, 500.1, 1658.8]], "area": 75392.0, "bbox": [500.1, 1377.03, 282.66, 296.6], "iscrowd": 0, "attributes": {"wall frame": true, "window apron": false, "window header": false, "occluded": false}}, {"id": 40, "image_id": 1, "category_id": 4, "segmentation": [[531.17, 1352.24, 589.08, 1355.36, 633.63, 1354.92, 706.7, 1355.81, 784.22, 1361.6, 802.6, 982.9, 543.08, 968.76, 516.0, 1351.8]], "area": 100506.0, "bbox": [516.0, 968.76, 286.6, 392.84], "iscrowd": 0, "attributes": {"wall frame": true, "window apron": false, "window header": false, "occluded": false}}, {"id": 41, "image_id": 2, "category_id": 1, "segmentation": [[1013.39, 1726.3, 2201.86, 1737.48, 2208.31, 1191.4, 1029.3, 1181.94]], "area": 645469.0, "bbox": [1013.39, 1181.94, 1194.92, 555.54], "iscrowd": 0, "attributes": {"occluded": false}}, {"id": 42, "image_id": 2, "category_id": 5, "segmentation": [[248.59, 4183.48, 584.38, 4186.48, 603.16, 4186.48, 618.56, 4190.62, 630.21, 4204.51, 2450.79, 4238.69, 2459.8, 4222.54, 2846.68, 4231.56, 2870.7, 4234.07, 2881.46, 4243.5, 2878.77, 4259.65, 3160.0, 4262.34, 3160.0, 4951.0, 0.0, 4951.0, 0.0, 4201.77, 197.78, 4197.74, 208.55, 4181.58, 231.43, 4180.24]], "area": 2311301.0, "bbox": [0.0, 4180.24, 3160.0, 770.76], "iscrowd": 0, "attributes": {"occluded": false}}, {"id": 43, "image_id": 2, "category_id": 2, "segmentation": [[1013.39, 1726.3, 1029.3, 1181.94, 2208.31, 1191.4, 2201.86, 1737.48, 2331.28, 1785.64, 2339.58, 1042.3, 897.48, 1036.14, 871.07, 1780.48]], "area": 366164.0, "bbox": [871.07, 1036.14, 1468.51, 749.5], "iscrowd": 0, "attributes": {"occluded": false}}, {"id": 44, "image_id": 2, "category_id": 4, "segmentation": [[867.9, 3723.49, 863.77, 3717.71, 863.1, 3706.4, 806.57, 3703.36, 846.13, 2664.52, 874.08, 1883.67, 873.65, 1862.17, 869.78, 1823.05, 871.07, 1780.48, 897.48, 1036.14, 872.7, 964.36, 811.11, 899.51, 762.75, 837.2, 733.95, 802.96, 691.74, 805.32, 652.8, 800.61, 487.05, 798.25, 417.68, 802.24, 391.41, 1471.18, 347.76, 2406.77, 333.45, 2787.7, 434.71, 2788.43, 426.37, 3171.36, 310.08, 3165.92, 286.17, 3716.95, 776.33, 3725.28]], "area": 1412811.0, "bbox": [286.17, 798.25, 611.31, 2927.03], "iscrowd": 0, "attributes": {"wall frame": true, "window apron": false, "window header": false, "occluded": false}}, {"id": 45, "image_id": 2, "category_id": 5, "segmentation": [[0.0, 4201.77, 197.78, 4197.74, 208.55, 4181.58, 231.43, 4180.24, 248.59, 4183.48, 257.6, 4055.02, 259.1, 3960.74, 251.59, 3955.86, 243.33, 3943.84, 240.32, 3933.32, 229.43, 3934.45, 194.87, 3888.63, 168.2, 3888.25, 140.03, 3846.18, 140.03, 3805.62, 136.83, 3787.12, 113.47, 3757.91, 103.08, 3748.82, 90.75, 3737.79, 90.75, 3728.05, 99.84, 3710.53, 110.87, 3709.88, 215.37, 3713.77, 286.17, 3716.95, 310.08, 3165.92, 0.0, 3155.22]], "area": 263919.0, "bbox": [0.0, 3155.22, 310.08, 1046.55], "iscrowd": 0, "attributes": {"occluded": false}}, {"id": 46, "image_id": 2, "category_id": 4, "segmentation": [[2196.1, 3745.4, 2197.99, 3729.59, 2308.93, 3729.16, 2317.53, 3061.82, 2328.7, 1876.79, 2331.28, 1785.64, 2339.58, 1042.3, 2374.77, 976.71, 2442.28, 911.8, 2529.9, 820.94, 2662.95, 824.18, 2836.9, 822.88, 2838.85, 1249.96, 2827.17, 1685.48, 2831.06, 2266.38, 2826.52, 3103.66, 2821.97, 3755.96, 2342.32, 3748.82]], "area": 1460999.0, "bbox": [2196.1, 820.94, 642.75, 2935.02], "iscrowd": 0, "attributes": {"wall frame": true, "window apron": false, "window header": false, "occluded": false}}, {"id": 47, "image_id": 2, "category_id": 4, "segmentation": [[286.17, 3716.95, 776.33, 3725.28, 867.9, 3723.49, 907.99, 3726.39, 1799.79, 3740.85, 2196.1, 3745.4, 2342.32, 3748.82, 2821.97, 3755.96, 2979.04, 3759.21, 2993.97, 3759.21, 2999.16, 3776.73, 2999.16, 3785.17, 2979.69, 3826.71, 2969.96, 3835.8, 2959.57, 3831.9, 2971.26, 3791.66, 908.56, 3761.8, 121.26, 3739.09, 119.31, 3756.61, 135.54, 3778.03, 136.83, 3787.12, 113.47, 3757.91, 103.08, 3748.82, 90.75, 3737.79, 90.75, 3728.05, 99.84, 3710.53, 110.87, 3709.88, 215.37, 3713.77]], "area": 97462.0, "bbox": [90.75, 3709.88, 2908.41, 125.92], "iscrowd": 0, "attributes": {"wall frame": false, "window apron": true, "window header": false, "occluded": false}}, {"id": 48, "image_id": 2, "category_id": 4, "segmentation": [[136.83, 3787.12, 135.54, 3778.03, 119.31, 3756.61, 121.26, 3739.09, 908.56, 3761.8, 2971.26, 3791.66, 2959.57, 3831.9, 2956.74, 3849.56, 2947.35, 3848.06, 2943.59, 3891.63, 2936.08, 3912.66, 2927.44, 3938.21, 2889.5, 3938.21, 2877.11, 3962.24, 2853.07, 3981.78, 2850.06, 3996.8, 2839.17, 4008.07, 2839.92, 4224.42, 2846.68, 4231.56, 2459.8, 4222.54, 2450.79, 4238.69, 630.21, 4204.51, 618.56, 4190.62, 603.16, 4186.48, 584.38, 4186.48, 248.59, 4183.48, 257.6, 4055.02, 259.1, 3960.74, 251.59, 3955.86, 243.33, 3943.84, 240.32, 3933.32, 229.43, 3934.45, 194.87, 3888.63, 168.2, 3888.25, 140.03, 3846.18, 140.03, 3805.62]], "area": 1193344.0, "bbox": [119.31, 3739.09, 2851.95, 499.6], "iscrowd": 0, "attributes": {"wall frame": false, "window apron": true, "window header": false, "occluded": false}}, {"id": 49, "image_id": 2, "category_id": 2, "segmentation": [[857.16, 3597.04, 855.51, 3592.08, 851.79, 3573.48, 850.96, 3570.18, 848.07, 3549.1, 844.76, 3544.56, 841.46, 3510.67, 836.5, 3505.71, 828.23, 3503.64, 824.92, 3502.4, 829.88, 3482.57, 839.8, 3478.43, 838.15, 3468.52, 837.32, 3466.04, 849.72, 3459.84, 853.85, 3456.12, 847.65, 3411.07, 843.93, 3410.25, 843.93, 3405.29, 846.41, 3402.81, 846.41, 3396.2, 849.72, 3392.89, 853.03, 3392.06, 857.16, 3393.3, 859.64, 3395.78, 861.7, 3400.33, 863.77, 3401.57, 865.42, 3404.46, 864.6, 3407.77, 862.12, 3408.18, 869.97, 3460.66, 879.06, 3462.32, 883.19, 3460.66, 887.74, 3463.56, 898.9, 3463.56, 920.8, 3463.97, 926.59, 3466.86, 938.98, 3469.34, 947.66, 3471.0, 953.03, 3475.54, 956.75, 3466.45, 953.45, 3460.25, 948.49, 3455.29, 946.01, 3447.44, 952.21, 3445.79, 956.97, 3447.36, 1006.74, 1972.0, 1510.97, 1974.76, 1473.32, 3390.82, 1480.35, 3378.43, 1487.79, 3370.99, 1487.37, 3360.24, 1492.74, 3361.9, 1502.25, 3363.14, 1510.51, 3359.83, 1515.47, 3351.98, 1527.46, 3347.02, 1531.18, 3350.33, 1540.27, 3342.89, 1543.58, 3333.8, 1551.01, 3330.9, 1564.24, 3335.86, 1571.26, 3338.34, 1572.92, 3350.33, 1577.88, 3354.87, 1585.73, 3358.18, 1598.54, 3354.87, 1601.43, 3357.76, 1612.18, 3358.18, 1615.48, 3352.8, 1625.81, 3349.09, 1647.3, 3345.37, 1661.77, 3354.87, 1692.79, 1976.46, 2201.23, 1983.51, 2179.9, 3427.0, 2194.86, 3444.96, 2210.16, 3439.59, 2229.99, 3449.09, 2247.35, 3461.08, 2250.24, 3480.5, 2247.35, 3498.27, 2261.4, 3520.59, 2244.04, 3535.05, 2229.99, 3532.98, 2220.9, 3543.32, 2218.83, 3614.4, 2208.5, 3624.31, 2197.99, 3729.59, 2308.93, 3729.16, 2317.53, 3061.82, 2328.7, 1876.79, 2331.28, 1785.64, 2201.86, 1737.48, 1013.39, 1726.3, 871.07, 1780.48, 869.78, 1823.05, 873.65, 1862.17, 874.08, 1883.67, 846.13, 2664.52, 806.57, 3703.36, 863.1, 3706.4]], "area": 1033420.0, "bbox": [806.57, 1726.3, 1524.71, 2003.29], "iscrowd": 0, "attributes": {"occluded": false}}, {"id": 50, "image_id": 2, "category_id": 4, "segmentation": [[897.48, 1036.14, 872.7, 964.36, 811.11, 899.51, 762.75, 837.2, 733.95, 802.96, 691.74, 805.32, 652.8, 800.61, 487.05, 798.25, 417.68, 802.24, 410.21, 716.39, 416.93, 704.06, 414.69, 591.9, 401.23, 564.98, 402.35, 517.88, 415.81, 507.78, 409.08, 493.2, 393.38, 488.71, 375.44, 473.01, 344.03, 465.16, 301.41, 462.92, 290.2, 432.64, 272.25, 363.1, 268.89, 338.42, 262.16, 324.97, 234.12, 240.85, 240.85, 233.0, 720.88, 241.97, 2126.2, 252.06, 3012.24, 257.67, 2997.66, 376.56, 2977.47, 391.14, 2960.65, 475.26, 2921.39, 477.5, 2905.69, 468.53, 2889.99, 477.5, 2877.65, 510.02, 2856.34, 523.48, 2857.46, 541.43, 2860.83, 569.47, 2857.46, 603.11, 2839.52, 636.76, 2832.79, 727.61, 2848.49, 748.92, 2849.61, 765.74, 2847.37, 792.66, 2839.52, 812.85, 2836.9, 822.88, 2662.95, 824.18, 2529.9, 820.94, 2442.28, 911.8, 2374.77, 976.71, 2339.58, 1042.3]], "area": 1802800.0, "bbox": [234.12, 233.0, 2778.12, 809.3], "iscrowd": 0, "attributes": {"wall frame": false, "window apron": false, "window header": true, "occluded": false}}, {"id": 51, "image_id": 2, "category_id": 9, "segmentation": [[867.9, 3723.49, 863.77, 3717.71, 857.16, 3597.04, 855.51, 3592.08, 851.79, 3573.48, 850.96, 3570.18, 848.07, 3549.1, 844.76, 3544.56, 841.46, 3510.67, 836.5, 3505.71, 828.23, 3503.64, 824.92, 3502.4, 829.88, 3482.57, 839.8, 3478.43, 838.15, 3468.52, 837.32, 3466.04, 849.72, 3459.84, 853.85, 3456.12, 847.65, 3411.07, 843.93, 3410.25, 843.93, 3405.29, 846.41, 3402.81, 846.41, 3396.2, 849.72, 3392.89, 853.03, 3392.06, 857.16, 3393.3, 859.64, 3395.78, 861.7, 3400.33, 863.77, 3401.57, 865.42, 3404.46, 864.6, 3407.77, 862.12, 3408.18, 869.97, 3460.66, 879.06, 3462.32, 883.19, 3460.66, 887.74, 3463.56, 898.9, 3463.56, 920.8, 3463.97, 926.59, 3466.86, 938.98, 3469.34, 947.66, 3471.0, 953.03, 3475.54, 956.75, 3466.45, 953.45, 3460.25, 948.49, 3455.29, 946.01, 3447.44, 952.21, 3445.79, 959.23, 3448.27, 961.3, 3441.65, 969.15, 3446.61, 973.7, 3440.41, 978.24, 3441.24, 979.48, 3436.28, 983.2, 3437.11, 986.51, 3439.59, 988.57, 3437.52, 992.29, 3437.94, 992.71, 3440.0, 997.67, 3437.94, 999.73, 3437.94, 999.73, 3440.0, 998.91, 3442.48, 1003.45, 3439.59, 1003.86, 3442.48, 1001.8, 3445.37, 993.95, 3461.08, 996.84, 3462.32, 1001.38, 3457.77, 1022.05, 3443.72, 1034.86, 3427.19, 1041.06, 3421.82, 1046.43, 3423.06, 1051.8, 3428.84, 1051.39, 3447.85, 1047.67, 3461.9, 1050.15, 3465.62, 1060.48, 3459.42, 1068.75, 3464.8, 1076.18, 3473.06, 1090.65, 3465.62, 1074.94, 3453.64, 1057.59, 3441.65, 1054.28, 3433.8, 1060.07, 3416.03, 1088.99, 3406.11, 1112.96, 3404.88, 1124.95, 3392.89, 1137.76, 3366.03, 1167.93, 3351.98, 1171.65, 3343.71, 1174.54, 3344.13, 1176.6, 3349.5, 1188.59, 3344.95, 1196.44, 3345.78, 1200.99, 3350.74, 1208.01, 3338.34, 1220.82, 3331.32, 1232.39, 3327.6, 1242.73, 3326.77, 1253.47, 3326.77, 1260.5, 3334.21, 1260.08, 3337.51, 1273.72, 3337.1, 1282.81, 3342.89, 1293.14, 3337.51, 1296.86, 3338.34, 1297.69, 3353.63, 1303.06, 3365.2, 1312.98, 3356.52, 1315.46, 3368.1, 1329.51, 3369.75, 1350.59, 3377.19, 1353.89, 3384.63, 1355.13, 3389.17, 1360.92, 3388.34, 1367.12, 3382.97, 1370.01, 3386.28, 1367.94, 3389.58, 1365.05, 3397.85, 1365.88, 3405.29, 1371.66, 3410.25, 1374.14, 3416.45, 1370.42, 3420.17, 1372.9, 3424.3, 1370.83, 3430.5, 1367.53, 3432.98, 1362.98, 3432.98, 1364.64, 3439.18, 1363.4, 3441.24, 1355.54, 3440.41, 1351.0, 3433.39, 1349.76, 3431.74, 1347.28, 3439.59, 1353.48, 3447.85, 1361.74, 3450.33, 1381.17, 3439.18, 1395.22, 3435.46, 1402.24, 3438.76, 1394.8, 3456.53, 1397.7, 3464.38, 1401.42, 3468.93, 1401.83, 3478.02, 1405.96, 3481.33, 1410.51, 3477.61, 1421.25, 3474.3, 1429.1, 3468.52, 1429.52, 3462.32, 1422.08, 3457.36, 1422.9, 3451.57, 1428.69, 3449.09, 1436.96, 3452.81, 1468.36, 3438.76, 1472.91, 3437.11, 1472.91, 3417.69, 1461.34, 3403.22, 1462.99, 3391.24, 1473.32, 3390.82, 1480.35, 3378.43, 1487.79, 3370.99, 1487.37, 3360.24, 1492.74, 3361.9, 1502.25, 3363.14, 1510.51, 3359.83, 1515.47, 3351.98, 1527.46, 3347.02, 1531.18, 3350.33, 1540.27, 3342.89, 1543.58, 3333.8, 1551.01, 3330.9, 1564.24, 3335.86, 1571.26, 3338.34, 1572.92, 3350.33, 1577.88, 3354.87, 1585.73, 3358.18, 1598.54, 3354.87, 1601.43, 3357.76, 1612.18, 3358.18, 1615.48, 3352.8, 1625.81, 3349.09, 1647.3, 3345.37, 1661.77, 3354.87, 1673.75, 3363.14, 1681.6, 3367.68, 1697.72, 3373.05, 1704.33, 3382.56, 1707.64, 3397.85, 1696.07, 3413.55, 1684.49, 3430.91, 1683.67, 3439.18, 1731.19, 3415.21, 1763.01, 3410.66, 1799.79, 3399.09, 1834.09, 3385.45, 1845.66, 3381.32, 1846.9, 3359.0, 1850.21, 3354.87, 1861.37, 3354.04, 1870.46, 3348.26, 1877.9, 3356.11, 1879.96, 3366.44, 1887.4, 3384.21, 1902.28, 3379.67, 1920.46, 3360.66, 1943.19, 3385.45, 1949.39, 3405.7, 1972.53, 3408.18, 2016.75, 3392.89, 2060.14, 3385.04, 2079.15, 3390.82, 2106.84, 3393.72, 2139.49, 3377.6, 2156.43, 3370.57, 2167.59, 3375.95, 2167.18, 3399.5, 2173.79, 3419.75, 2194.86, 3444.96, 2210.16, 3439.59, 2229.99, 3449.09, 2247.35, 3461.08, 2250.24, 3480.5, 2247.35, 3498.27, 2261.4, 3520.59, 2244.04, 3535.05, 2229.99, 3532.98, 2220.9, 3543.32, 2218.83, 3614.4, 2208.5, 3624.31, 2196.1, 3745.4, 1799.79, 3740.85, 907.99, 3726.39]], "area": 468611.0, "bbox": [824.92, 3326.77, 1436.48, 418.63], "iscrowd": 0, "attributes": {"occluded": false}}, {"id": 52, "image_id": 2, "category_id": 1, "segmentation": [[1661.77, 3354.87, 1692.79, 1976.46, 2201.23, 1983.51, 2179.9, 3427.0, 2173.79, 3419.75, 2167.18, 3399.5, 2167.59, 3375.95, 2156.43, 3370.57, 2139.49, 3377.6, 2106.84, 3393.72, 2079.15, 3390.82, 2060.14, 3385.04, 2016.75, 3392.89, 1972.53, 3408.18, 1949.39, 3405.7, 1943.19, 3385.45, 1920.46, 3360.66, 1902.28, 3379.67, 1887.4, 3384.21, 1879.96, 3366.44, 1877.9, 3356.11, 1870.46, 3348.26, 1861.37, 3354.04, 1850.21, 3354.87, 1846.9, 3359.0, 1845.66, 3381.32, 1834.09, 3385.45, 1799.79, 3399.09, 1763.01, 3410.66, 1731.19, 3415.21, 1683.67, 3439.18, 1684.49, 3430.91, 1696.07, 3413.55, 1707.64, 3397.85, 1704.33, 3382.56, 1697.72, 3373.05, 1681.6, 3367.68, 1673.75, 3363.14]], "area": 724667.0, "bbox": [1661.77, 1976.46, 539.46, 1462.72], "iscrowd": 0, "attributes": {"occluded": false}}, {"id": 53, "image_id": 2, "category_id": 1, "segmentation": [[959.23, 3448.27, 956.97, 3447.36, 1006.74, 1972.0, 1510.97, 1974.76, 1473.32, 3390.82, 1462.99, 3391.24, 1461.34, 3403.22, 1472.91, 3417.69, 1472.91, 3437.11, 1468.36, 3438.76, 1436.96, 3452.81, 1428.69, 3449.09, 1422.9, 3451.57, 1422.08, 3457.36, 1429.52, 3462.32, 1429.1, 3468.52, 1421.25, 3474.3, 1410.51, 3477.61, 1405.96, 3481.33, 1401.83, 3478.02, 1401.42, 3468.93, 1397.7, 3464.38, 1394.8, 3456.53, 1402.24, 3438.76, 1395.22, 3435.46, 1381.17, 3439.18, 1361.74, 3450.33, 1353.48, 3447.85, 1347.28, 3439.59, 1349.76, 3431.74, 1351.0, 3433.39, 1355.54, 3440.41, 1363.4, 3441.24, 1364.64, 3439.18, 1362.98, 3432.98, 1367.53, 3432.98, 1370.83, 3430.5, 1372.9, 3424.3, 1370.42, 3420.17, 1374.14, 3416.45, 1371.66, 3410.25, 1365.88, 3405.29, 1365.05, 3397.85, 1367.94, 3389.58, 1370.01, 3386.28, 1367.12, 3382.97, 1360.92, 3388.34, 1355.13, 3389.17, 1353.89, 3384.63, 1350.59, 3377.19, 1329.51, 3369.75, 1315.46, 3368.1, 1312.98, 3356.52, 1303.06, 3365.2, 1297.69, 3353.63, 1296.86, 3338.34, 1293.14, 3337.51, 1282.81, 3342.89, 1273.72, 3337.1, 1260.08, 3337.51, 1260.5, 3334.21, 1253.47, 3326.77, 1242.73, 3326.77, 1232.39, 3327.6, 1220.82, 3331.32, 1208.01, 3338.34, 1200.99, 3350.74, 1196.44, 3345.78, 1188.59, 3344.95, 1176.6, 3349.5, 1174.54, 3344.13, 1171.65, 3343.71, 1167.93, 3351.98, 1137.76, 3366.03, 1124.95, 3392.89, 1112.96, 3404.88, 1088.99, 3406.11, 1060.07, 3416.03, 1054.28, 3433.8, 1057.59, 3441.65, 1074.94, 3453.64, 1090.65, 3465.62, 1076.18, 3473.06, 1068.75, 3464.8, 1060.48, 3459.42, 1050.15, 3465.62, 1047.67, 3461.9, 1051.39, 3447.85, 1051.8, 3428.84, 1046.43, 3423.06, 1041.06, 3421.82, 1034.86, 3427.19, 1022.05, 3443.72, 1001.38, 3457.77, 996.84, 3462.32, 993.95, 3461.08, 1001.8, 3445.37, 1003.86, 3442.48, 1003.45, 3439.59, 998.91, 3442.48, 999.73, 3440.0, 999.73, 3437.94, 997.67, 3437.94, 992.71, 3440.0, 992.29, 3437.94, 988.57, 3437.52, 986.51, 3439.59, 983.2, 3437.11, 979.48, 3436.28, 978.24, 3441.24, 973.7, 3440.41, 969.15, 3446.61, 961.3, 3441.65]], "area": 725626.0, "bbox": [956.97, 1972.0, 554.0, 1509.33], "iscrowd": 0, "attributes": {"occluded": false}}, {"id": 54, "image_id": 2, "category_id": 4, "segmentation": [[262.16, 324.97, 234.12, 240.85, 240.85, 233.0, 720.88, 241.97, 2126.2, 252.06, 3012.24, 257.67, 3001.11, 349.07, 3025.78, 354.92, 3036.16, 351.02, 3037.46, 335.44, 3036.81, 319.87, 3051.74, 253.01, 3055.63, 244.58, 3053.69, 227.7, 3045.9, 226.4, 3011.5, 230.3, 1880.84, 226.4, 327.66, 212.77, 199.79, 208.23, 193.3, 227.7, 199.79, 238.74, 229.0, 295.85, 230.3, 302.99, 227.05, 308.18, 235.49, 326.36, 247.17, 329.6, 253.01, 328.95]], "area": 77384.0, "bbox": [193.3, 208.23, 2862.33, 146.69], "iscrowd": 0, "attributes": {"wall frame": false, "window apron": false, "window header": true, "occluded": false}}, {"id": 55, "image_id": 2, "category_id": 5, "segmentation": [[3160.0, 4262.34, 2878.77, 4259.65, 2881.46, 4243.5, 2870.7, 4234.07, 2846.68, 4231.56, 2839.92, 4224.42, 2839.17, 4008.07, 2850.06, 3996.8, 2853.07, 3981.78, 2877.11, 3962.24, 2889.5, 3938.21, 2927.44, 3938.21, 2936.08, 3912.66, 2943.59, 3891.63, 2947.35, 3848.06, 2956.74, 3849.56, 2959.57, 3831.9, 2969.96, 3835.8, 2979.69, 3826.71, 2999.16, 3785.17, 2999.16, 3776.73, 2993.97, 3759.21, 2979.04, 3759.21, 2821.97, 3755.96, 2826.52, 3103.66, 2831.06, 2266.38, 2827.17, 1685.48, 2838.85, 1249.96, 2836.9, 822.88, 2839.52, 812.85, 2847.37, 792.66, 2849.61, 765.74, 2848.49, 748.92, 2832.79, 727.61, 2839.52, 636.76, 2857.46, 603.11, 2860.83, 569.47, 2857.46, 541.43, 2856.34, 523.48, 2877.65, 510.02, 2889.99, 477.5, 2905.69, 468.53, 2921.39, 477.5, 2960.65, 475.26, 2977.47, 391.14, 2997.66, 376.56, 3001.11, 349.07, 3025.78, 354.92, 3036.16, 351.02, 3037.46, 335.44, 3036.81, 319.87, 3051.74, 253.01, 3055.63, 244.58, 3053.69, 227.7, 3045.9, 226.4, 3011.5, 230.3, 1880.84, 226.4, 327.66, 212.77, 199.79, 208.23, 193.3, 227.7, 199.79, 238.74, 229.0, 295.85, 230.3, 302.99, 227.05, 308.18, 0.0, 315.71, 0.0, 0.0, 3160.0, 0.0]], "area": 1973123.0, "bbox": [0.0, 0.0, 3160.0, 4262.34], "iscrowd": 0, "attributes": {"occluded": false}}, {"id": 56, "image_id": 2, "category_id": 5, "segmentation": [[0.0, 2782.32, 333.45, 2787.7, 347.76, 2406.77, 391.41, 1471.18, 417.68, 802.24, 410.21, 716.39, 416.93, 704.06, 414.69, 591.9, 401.23, 564.98, 402.35, 517.88, 415.81, 507.78, 409.08, 493.2, 393.38, 488.71, 375.44, 473.01, 344.03, 465.16, 301.41, 462.92, 290.2, 432.64, 272.25, 363.1, 268.89, 338.42, 262.16, 324.97, 253.01, 328.95, 247.17, 329.6, 235.49, 326.36, 227.05, 308.18, 0.0, 315.71]], "area": 925640.0, "bbox": [0.0, 308.18, 417.68, 2479.52], "iscrowd": 0, "attributes": {"occluded": false}}, {"id": 57, "image_id": 3, "category_id": 1, "segmentation": [[822.0, 737.1, 1296.6, 776.3, 1296.7, 764.4, 821.9, 725.3]], "area": 5656.0, "bbox": [821.9, 725.3, 474.8, 51.0], "iscrowd": 0, "attributes": {"occluded": false}}, {"id": 58, "image_id": 3, "category_id": 10, "segmentation": [[252.74, 1335.51, 725.08, 1261.51, 1927.87, 1351.42, 1927.01, 1257.21, 1817.74, 1244.31, 1805.27, 1236.13, 1797.95, 1220.65, 1802.69, 1206.88, 1821.61, 1203.87, 1925.72, 1216.35, 1922.71, 1039.54, 1920.99, 827.03, 1880.55, 824.45, 723.36, 728.95, 248.86, 805.95]], "area": 879933.0, "bbox": [248.86, 728.95, 1679.01, 622.47], "iscrowd": 0, "attributes": {"balconette": true, "guard-rails": false, "railings": false, "occluded": false}}, {"id": 59, "image_id": 3, "category_id": 10, "segmentation": [[276.7, 801.4, 276.88, 791.7, 255.72, 795.19, 254.97, 781.99, 376.21, 762.33, 721.5, 703.57, 1908.73, 803.9, 1909.3, 813.3, 1881.85, 818.09, 1882.3, 824.6, 1793.22, 817.34, 1814.88, 811.87, 1814.63, 808.88, 1327.94, 765.81, 1324.7, 773.53, 1327.4, 778.7, 1315.1, 777.8, 1317.73, 772.78, 1316.73, 766.06, 764.07, 720.5, 761.33, 726.97, 763.6, 732.3, 754.4, 731.5, 756.35, 726.23, 754.61, 718.51, 720.5, 717.27, 714.53, 721.0, 714.8, 730.4, 689.6, 734.3, 693.86, 731.46, 692.62, 723.24, 296.79, 789.46, 296.6, 798.2]], "area": 22664.0, "bbox": [254.97, 703.57, 1654.33, 121.03], "iscrowd": 0, "attributes": {"balconette": true, "guard-rails": false, "railings": false, "occluded": false}}, {"id": 60, "image_id": 3, "category_id": 4, "segmentation": [[1353.5, 757.0, 1353.51, 609.21, 1351.36, 290.59, 1388.12, 280.2, 1392.06, 287.73, 1397.44, 522.07, 1401.6, 761.0]], "area": 20898.0, "bbox": [1351.36, 280.2, 50.24, 480.8], "iscrowd": 0, "attributes": {"wall frame": true, "window apron": false, "window header": false, "occluded": false}}, {"id": 61, "image_id": 3, "category_id": 4, "segmentation": [[1351.36, 290.59, 1272.67, 282.42, 672.85, 228.67, 327.14, 192.56, 277.26, 186.97, 273.03, 178.38, 275.12, 175.39, 301.4, 176.59, 340.22, 182.56, 817.08, 227.95, 1209.74, 263.48, 1365.9, 277.81, 1388.12, 280.2]], "area": 14532.0, "bbox": [273.03, 175.39, 1115.09, 115.2], "iscrowd": 0, "attributes": {"wall frame": false, "window apron": false, "window header": true, "occluded": false}}, {"id": 62, "image_id": 3, "category_id": 4, "segmentation": [[1958.0, 1477.58, 1958.0, 1521.47, 1930.4, 1520.1, 1929.7, 1477.6]], "area": 1197.0, "bbox": [1929.7, 1477.58, 28.3, 43.89], "iscrowd": 0, "attributes": {"wall frame": false, "window apron": true, "window header": false, "occluded": false}}, {"id": 63, "image_id": 3, "category_id": 4, "segmentation": [[1355.4, 781.1, 1355.7, 768.3, 1401.4, 772.3, 1401.4, 784.9]], "area": 576.0, "bbox": [1355.4, 768.3, 46.0, 16.6], "iscrowd": 0, "attributes": {"wall frame": true, "window apron": false, "window header": false, "occluded": false}}, {"id": 64, "image_id": 3, "category_id": 4, "segmentation": [[252.74, 1335.51, 725.08, 1261.51, 1927.87, 1351.42, 1931.6, 1608.05, 1439.81, 1672.76, 1408.38, 1669.06, 1408.38, 1646.88, 350.84, 1578.47, 256.55, 1591.41, 252.85, 1386.19, 252.2, 1344.9]], "area": 529403.0, "bbox": [252.2, 1261.51, 1679.4, 411.25], "iscrowd": 0, "attributes": {"wall frame": false, "window apron": true, "window header": false, "occluded": false}}, {"id": 65, "image_id": 3, "category_id": 2, "segmentation": [[742.0, 718.0, 754.61, 718.51, 756.35, 726.23, 754.4, 731.5, 742.3, 730.5]], "area": 175.0, "bbox": [742.0, 718.0, 14.35, 13.5], "iscrowd": 0, "attributes": {"occluded": false}}, {"id": 66, "image_id": 3, "category_id": 2, "segmentation": [[1929.5, 1461.6, 1958.0, 1460.7, 1958.0, 1477.58, 1929.7, 1477.6]], "area": 473.0, "bbox": [1929.5, 1460.7, 28.5, 16.9], "iscrowd": 0, "attributes": {"occluded": false}}, {"id": 67, "image_id": 3, "category_id": 1, "segmentation": [[1927.87, 1351.42, 1927.01, 1257.21, 1958.0, 1259.7, 1958.0, 1460.7, 1929.6, 1461.6]], "area": 6064.0, "bbox": [1927.01, 1257.21, 30.99, 204.39], "iscrowd": 0, "attributes": {"occluded": false}}, {"id": 68, "image_id": 3, "category_id": 5, "segmentation": [[881.68, 82.18, 876.5, 78.65, 790.6, 72.4, 793.9, 0.0, 929.45, 0.0, 929.7, 44.36, 893.12, 44.36, 892.38, 81.18]], "area": 9313.0, "bbox": [790.6, 0.0, 139.1, 82.18], "iscrowd": 0, "attributes": {"occluded": false}}, {"id": 69, "image_id": 3, "category_id": 2, "segmentation": [[763.6, 732.3, 761.33, 726.97, 764.07, 720.5, 821.9, 725.3, 822.0, 737.1]], "area": 702.0, "bbox": [761.33, 720.5, 60.67, 16.6], "iscrowd": 0, "attributes": {"occluded": false}}, {"id": 70, "image_id": 3, "category_id": 5, "segmentation": [[1856.08, 799.4, 1401.6, 761.0, 1397.44, 522.07, 1392.06, 287.73, 1388.12, 280.2, 1365.9, 277.81, 1209.74, 263.48, 817.08, 227.95, 340.22, 182.56, 301.4, 176.59, 275.12, 175.39, 274.53, 0.0, 793.9, 0.0, 788.56, 107.15, 826.49, 147.79, 826.04, 153.66, 826.49, 160.43, 827.84, 168.56, 829.65, 175.79, 833.26, 181.66, 839.13, 183.01, 846.36, 185.27, 847.71, 191.14, 849.52, 199.72, 850.42, 206.94, 850.87, 214.17, 850.87, 222.29, 850.87, 229.52, 875.71, 232.68, 876.16, 202.88, 876.61, 196.56, 876.61, 188.88, 877.51, 182.56, 878.42, 170.37, 878.42, 162.69, 879.32, 155.92, 879.77, 149.6, 875.71, 144.63, 880.67, 113.02, 881.68, 82.18, 892.38, 81.18, 893.12, 44.36, 929.7, 44.36, 929.45, 0.0, 1958.0, 0.0, 1958.0, 134.72, 1838.88, 118.96, 1828.85, 112.87, 1812.01, 115.73, 1808.79, 144.76, 1811.29, 221.44, 1819.53, 297.04, 1848.56, 299.55, 1852.62, 321.71, 1849.34, 330.37, 1851.72, 345.0, 1850.23, 364.11, 1852.92, 375.75, 1515.68, 433.92, 1505.65, 443.95, 1507.08, 457.57, 1516.76, 470.83, 1851.0, 414.3, 1851.78, 421.38, 1852.86, 439.29, 1855.01, 455.78, 1852.86, 481.93, 1853.93, 497.34, 1852.86, 519.56, 1855.01, 537.83, 1853.22, 560.76, 1855.73, 575.1, 1855.37, 595.16, 1856.08, 612.0, 1855.01, 636.37, 1855.73, 651.42, 1855.73, 672.56, 1857.87, 691.55, 1855.73, 706.6, 1855.73, 714.84, 1857.16, 728.1, 1855.73, 750.67, 1856.8, 766.08, 1855.73, 786.15]], "area": 588147.0, "bbox": [274.53, 0.0, 1683.47, 799.4], "iscrowd": 0, "attributes": {"occluded": false}}, {"id": 71, "image_id": 3, "category_id": 1, "segmentation": [[1925.72, 1216.35, 1924.16, 1114.72, 1958.0, 1117.95, 1958.0, 1220.4]], "area": 3362.0, "bbox": [1924.16, 1114.72, 33.84, 105.68], "iscrowd": 0, "attributes": {"occluded": false}}, {"id": 72, "image_id": 3, "category_id": 2, "segmentation": [[1852.92, 375.75, 1914.43, 362.32, 1919.8, 353.95, 1932.64, 347.68, 1944.29, 343.2, 1951.75, 342.61, 1940.71, 328.87, 1852.62, 321.71, 1849.34, 330.37, 1851.72, 345.0, 1850.23, 364.11]], "area": 3551.0, "bbox": [1849.34, 321.71, 102.41, 54.04], "iscrowd": 0, "attributes": {"occluded": false}}, {"id": 73, "image_id": 3, "category_id": 1, "segmentation": [[1922.71, 1039.54, 1920.99, 827.03, 1882.3, 824.6, 1881.85, 818.09, 1909.3, 813.3, 1908.73, 803.9, 1856.08, 799.4, 1855.73, 786.15, 1856.8, 766.08, 1855.73, 750.67, 1857.16, 728.1, 1855.73, 714.84, 1855.73, 706.6, 1857.87, 691.55, 1855.73, 672.56, 1855.73, 651.42, 1855.01, 636.37, 1856.08, 612.0, 1855.37, 595.16, 1855.73, 575.1, 1853.22, 560.76, 1855.01, 537.83, 1852.86, 519.56, 1853.93, 497.34, 1852.86, 481.93, 1855.01, 455.78, 1852.86, 439.29, 1851.78, 421.38, 1851.0, 414.3, 1946.4, 414.4, 1946.02, 431.77, 1957.85, 429.98, 1958.0, 519.92, 1937.42, 519.2, 1923.45, 528.51, 1922.73, 545.0, 1925.6, 648.19, 1938.5, 656.43, 1947.45, 654.28, 1958.0, 647.83, 1958.0, 1059.9, 1923.0, 1056.7]], "area": 45077.0, "bbox": [1851.0, 414.3, 107.0, 645.6], "iscrowd": 0, "attributes": {"occluded": false}}, {"id": 74, "image_id": 3, "category_id": 9, "segmentation": [[1957.85, 429.98, 1946.02, 431.77, 1946.4, 414.4, 1941.0, 402.2, 1851.0, 414.3, 1516.76, 470.83, 1507.08, 457.57, 1505.65, 443.95, 1515.68, 433.92, 1852.92, 375.75, 1914.43, 362.32, 1919.8, 353.95, 1932.64, 347.68, 1944.29, 343.2, 1951.75, 342.61, 1940.71, 328.87, 1852.62, 321.71, 1848.56, 299.55, 1819.53, 297.04, 1811.29, 221.44, 1808.79, 144.76, 1812.01, 115.73, 1828.85, 112.87, 1838.88, 118.96, 1958.0, 134.72]], "area": 46618.0, "bbox": [1505.65, 112.87, 452.35, 357.96], "iscrowd": 0, "attributes": {"occluded": false}}, {"id": 75, "image_id": 3, "category_id": 9, "segmentation": [[1958.0, 647.83, 1947.45, 654.28, 1938.5, 656.43, 1925.6, 648.19, 1922.73, 545.0, 1923.45, 528.51, 1937.42, 519.2, 1958.0, 519.92]], "area": 4460.0, "bbox": [1922.73, 519.2, 35.27, 137.23], "iscrowd": 0, "attributes": {"occluded": false}}, {"id": 76, "image_id": 3, "category_id": 2, "segmentation": [[1327.4, 778.7, 1324.7, 773.53, 1327.94, 765.81, 1355.7, 768.3, 1355.4, 781.1]], "area": 383.0, "bbox": [1324.7, 765.81, 31.0, 15.29], "iscrowd": 0, "attributes": {"occluded": false}}, {"id": 77, "image_id": 3, "category_id": 5, "segmentation": [[788.56, 107.15, 880.67, 113.02, 875.71, 144.63, 865.77, 145.13, 863.51, 141.06, 859.9, 138.35, 856.29, 137.0, 852.23, 136.1, 847.26, 135.64, 842.74, 135.19, 837.78, 137.9, 831.46, 142.87, 826.49, 147.79]], "area": 2225.0, "bbox": [788.56, 107.15, 92.11, 40.64], "iscrowd": 0, "attributes": {"occluded": false}}, {"id": 78, "image_id": 3, "category_id": 1, "segmentation": [[742.3, 730.5, 742.0, 718.0, 720.5, 717.27, 714.53, 721.0, 714.8, 730.4, 723.36, 728.95]], "area": 320.0, "bbox": [714.53, 717.27, 27.77, 13.23], "iscrowd": 0, "attributes": {"occluded": false}}, {"id": 79, "image_id": 3, "category_id": 2, "segmentation": [[1946.4, 414.4, 1851.0, 414.3, 1941.0, 402.2]], "area": 546.0, "bbox": [1851.0, 402.2, 95.4, 12.2], "iscrowd": 0, "attributes": {"occluded": false}}, {"id": 80, "image_id": 3, "category_id": 5, "segmentation": [[1401.4, 784.9, 1401.4, 772.3, 1814.63, 808.88, 1814.88, 811.87, 1793.22, 817.34]], "area": 4672.0, "bbox": [1401.4, 772.3, 413.48, 45.04], "iscrowd": 0, "attributes": {"occluded": false}}, {"id": 81, "image_id": 3, "category_id": 2, "segmentation": [[1315.1, 777.8, 1317.73, 772.78, 1316.73, 766.06, 1296.7, 764.4, 1296.6, 776.3]], "area": 238.0, "bbox": [1296.6, 764.4, 21.13, 13.4], "iscrowd": 0, "attributes": {"occluded": false}}, {"id": 82, "image_id": 3, "category_id": 9, "segmentation": [[1958.0, 1259.7, 1927.01, 1257.21, 1817.74, 1244.31, 1805.27, 1236.13, 1797.95, 1220.65, 1802.69, 1206.88, 1821.61, 1203.87, 1925.72, 1216.35, 1958.0, 1220.4]], "area": 6265.0, "bbox": [1797.95, 1203.87, 160.05, 55.83], "iscrowd": 0, "attributes": {"occluded": false}}, {"id": 83, "image_id": 3, "category_id": 2, "segmentation": [[1958.0, 1117.95, 1924.16, 1114.72, 1923.0, 1056.7, 1958.0, 1059.9]], "area": 1995.0, "bbox": [1923.0, 1056.7, 35.0, 61.25], "iscrowd": 0, "attributes": {"occluded": false}}, {"id": 84, "image_id": 3, "category_id": 1, "segmentation": [[376.21, 762.33, 721.5, 703.57, 745.51, 705.52, 751.53, 705.95, 748.95, 315.53, 279.84, 272.53, 279.41, 298.76, 278.12, 337.03, 279.84, 358.96, 276.83, 377.02, 280.27, 394.65, 278.12, 415.29, 279.84, 435.07, 278.12, 453.12, 281.56, 471.61, 278.98, 492.25, 281.56, 511.6, 278.98, 530.95, 281.13, 550.73, 278.98, 570.51, 280.7, 592.01, 278.98, 611.36, 281.99, 631.14, 278.98, 650.49, 282.85, 669.41, 279.84, 690.47, 281.56, 708.53, 278.98, 727.88, 281.99, 749.38, 279.84, 767.87, 280.8, 777.8]], "area": 209198.0, "bbox": [276.83, 272.53, 474.7, 505.27], "iscrowd": 0, "attributes": {"occluded": false}}, {"id": 85, "image_id": 3, "category_id": 2, "segmentation": [[1296.75, 752.14, 1291.71, 355.28, 816.22, 314.53, 820.11, 712.11, 751.53, 705.95, 748.95, 315.53, 279.84, 272.53, 277.69, 252.75, 280.7, 237.27, 277.69, 221.79, 280.27, 202.88, 277.26, 186.97, 327.14, 192.56, 672.85, 228.67, 1272.67, 282.42, 1351.36, 290.59, 1353.51, 609.21, 1353.5, 757.0]], "area": 132368.0, "bbox": [277.26, 186.97, 1076.25, 570.03], "iscrowd": 0, "attributes": {"occluded": false}}, {"id": 86, "image_id": 3, "category_id": 1, "segmentation": [[296.6, 798.2, 296.79, 789.46, 692.62, 723.24, 693.86, 731.46, 689.6, 734.3]], "area": 3856.0, "bbox": [296.6, 723.24, 397.26, 74.96], "iscrowd": 0, "attributes": {"occluded": false}}, {"id": 87, "image_id": 3, "category_id": 5, "segmentation": [[1958.0, 1521.47, 1930.4, 1520.1, 1931.6, 1608.05, 1439.81, 1672.76, 1408.38, 1669.06, 1408.38, 1646.88, 350.84, 1578.47, 256.55, 1591.41, 252.85, 1386.19, 252.2, 1344.9, 252.74, 1335.51, 248.86, 805.95, 276.7, 801.4, 276.88, 791.7, 255.72, 795.19, 254.97, 781.99, 280.8, 777.8, 279.84, 767.87, 281.99, 749.38, 278.98, 727.88, 281.56, 708.53, 279.84, 690.47, 282.85, 669.41, 278.98, 650.49, 281.99, 631.14, 278.98, 611.36, 280.7, 592.01, 278.98, 570.51, 281.13, 550.73, 278.98, 530.95, 281.56, 511.6, 278.98, 492.25, 281.56, 471.61, 278.12, 453.12, 279.84, 435.07, 278.12, 415.29, 280.27, 394.65, 276.83, 377.02, 279.84, 358.96, 278.12, 337.03, 279.41, 298.76, 279.84, 272.53, 277.69, 252.75, 280.7, 237.27, 277.69, 221.79, 280.27, 202.88, 277.26, 186.97, 273.03, 178.38, 275.12, 175.39, 274.53, 0.0, 0.0, 0.0, 0.0, 1726.0, 1958.0, 1726.0]], "area": 639078.0, "bbox": [0.0, 0.0, 1958.0, 1726.0], "iscrowd": 0, "attributes": {"occluded": false}}, {"id": 88, "image_id": 3, "category_id": 1, "segmentation": [[820.11, 712.11, 1296.75, 752.14, 1291.71, 355.28, 816.22, 314.53]], "area": 188973.0, "bbox": [816.22, 314.53, 480.53, 437.61], "iscrowd": 0, "attributes": {"occluded": false}}, {"id": 89, "image_id": 4, "category_id": 5, "segmentation": [[0.0, 620.15, 272.68, 560.41, 353.66, 542.13, 519.92, 521.35, 603.05, 515.97, 744.94, 510.24, 1026.3, 513.6, 1178.6, 522.7, 1389.19, 556.11, 1561.9, 593.73, 1655.53, 621.51, 2002.0, 752.04, 2002.0, 642.45, 1600.04, 496.94, 1468.44, 463.77, 1342.18, 439.16, 1207.37, 422.04, 1076.84, 408.13, 990.18, 402.78, 908.86, 401.71, 795.45, 403.85, 660.64, 407.06, 545.09, 415.62, 412.41, 430.6, 260.48, 458.42, 152.42, 478.75, 0.0, 511.92]], "area": 213665.0, "bbox": [0.0, 401.71, 2002.0, 350.33], "iscrowd": 0, "attributes": {"occluded": false}}, {"id": 90, "image_id": 4, "category_id": 2, "segmentation": [[601.2, 1351.4, 792.14, 1339.9, 890.27, 1340.58, 1086.0, 1348.11, 1177.19, 1359.37, 1353.93, 1381.32, 1353.5, 1553.9, 1349.6, 1557.5, 1349.73, 1577.41, 1406.89, 1587.44, 1468.56, 1597.84, 1507.19, 1606.01, 1549.54, 1617.9, 1564.97, 1620.96, 1566.57, 1609.93, 1437.06, 1575.68, 1432.11, 1574.09, 1430.53, 1570.53, 1431.12, 1398.65, 1432.31, 1396.27, 1432.78, 1365.94, 1431.54, 1363.19, 1436.08, 853.98, 1436.21, 848.48, 1359.24, 832.7, 1358.05, 836.86, 1354.68, 1349.14, 1351.52, 1351.71, 1178.05, 1328.55, 1082.86, 1318.97, 894.95, 1310.7, 890.39, 1310.41, 793.44, 1309.27, 602.38, 1320.68]], "area": 82252.0, "bbox": [601.2, 832.7, 965.37, 788.26], "iscrowd": 0, "attributes": {"occluded": false}}, {"id": 91, "image_id": 4, "category_id": 1, "segmentation": [[611.6, 568.9, 608.9, 572.3, 607.94, 736.5, 609.61, 737.93, 798.05, 728.9, 800.42, 723.43, 800.42, 564.46, 800.66, 559.94, 629.81, 568.02]], "area": 32349.0, "bbox": [607.94, 559.94, 192.72, 177.99], "iscrowd": 0, "attributes": {"occluded": false}}, {"id": 92, "image_id": 4, "category_id": 4, "segmentation": [[272.68, 560.41, 353.66, 542.13, 519.92, 521.35, 603.05, 515.97, 744.94, 510.24, 1026.3, 513.6, 1178.6, 522.7, 1389.19, 556.11, 1561.9, 593.73, 1655.53, 621.51, 1603.04, 635.83, 1492.06, 606.63, 1399.58, 580.3, 1290.51, 562.47, 1134.16, 543.18, 993.78, 535.1, 856.5, 528.87, 789.53, 531.36, 632.76, 536.55, 515.6, 546.71, 352.62, 570.97, 321.51, 576.36]], "area": 31931.0, "bbox": [272.68, 510.24, 1382.85, 125.59], "iscrowd": 0, "attributes": {"wall frame": false, "window apron": false, "window header": true, "occluded": false}}, {"id": 93, "image_id": 4, "category_id": 5, "segmentation": [[0.0, 1643.69, 106.84, 1619.3, 215.97, 1597.47, 245.5, 1592.34, 257.98, 1592.36, 257.63, 1454.41, 266.94, 959.21, 271.96, 607.7, 272.68, 560.41, 0.0, 620.15]], "area": 270944.0, "bbox": [0.0, 560.41, 272.68, 1083.28], "iscrowd": 0, "attributes": {"occluded": false}}, {"id": 94, "image_id": 4, "category_id": 5, "segmentation": [[257.98, 1592.36, 305.63, 1584.88, 329.02, 1581.14, 389.99, 1571.19, 499.47, 1559.99, 513.65, 1559.5, 550.23, 1555.76, 697.54, 1548.3, 803.3, 1543.82, 823.2, 1543.82, 832.66, 1546.06, 842.36, 1544.32, 846.34, 1541.83, 922.49, 1544.07, 1085.47, 1551.53, 1176.54, 1557.75, 1349.73, 1577.41, 1406.89, 1587.44, 1468.56, 1597.84, 1507.19, 1606.01, 1549.54, 1617.9, 1564.97, 1620.96, 1600.06, 1628.67, 1627.15, 1635.4, 1662.23, 1645.72, 1707.89, 1661.67, 2002.0, 1761.81, 2002.0, 1867.09, 1824.72, 1810.6, 1820.87, 1800.33, 1788.77, 1796.48, 1781.07, 1797.76, 1630.85, 1757.96, 1627.0, 1752.82, 1603.89, 1750.26, 1575.64, 1750.26, 1467.79, 1731.0, 1289.33, 1707.89, 1132.69, 1698.9, 920.85, 1689.91, 911.86, 1684.78, 888.75, 1686.06, 887.46, 1691.2, 590.88, 1696.33, 470.19, 1706.6, 465.05, 1697.62, 453.5, 1697.62, 447.08, 1701.47, 443.23, 1707.89, 172.32, 1745.12, 159.48, 1741.27, 149.21, 1742.55, 144.08, 1747.69, 0.0, 1778.5, 0.0, 1643.69, 106.84, 1619.3, 215.97, 1597.47, 245.5, 1592.34]], "area": 270299.0, "bbox": [0.0, 1541.83, 2002.0, 325.26], "iscrowd": 0, "attributes": {"occluded": false}}, {"id": 95, "image_id": 4, "category_id": 1, "segmentation": [[1436.43, 783.25, 1442.05, 786.7, 1571.36, 821.55, 1575.25, 819.1, 1575.25, 661.42, 1573.95, 654.66, 1445.65, 623.12, 1440.03, 620.67, 1436.86, 624.42, 1436.14, 698.0]], "area": 23023.0, "bbox": [1436.14, 620.67, 139.11, 200.88], "iscrowd": 0, "attributes": {"occluded": false}}, {"id": 96, "image_id": 4, "category_id": 1, "segmentation": [[1430.53, 1570.53, 1432.11, 1574.09, 1437.06, 1575.68, 1566.57, 1609.93, 1570.33, 1606.57, 1570.13, 1517.06, 1570.73, 1433.1, 1432.31, 1396.27, 1431.12, 1398.65]], "area": 24779.0, "bbox": [1430.53, 1396.27, 140.2, 213.66], "iscrowd": 0, "attributes": {"occluded": false}}, {"id": 97, "image_id": 4, "category_id": 1, "segmentation": [[1178.05, 1328.55, 1351.52, 1351.71, 1354.68, 1349.14, 1358.05, 836.86, 1359.24, 832.7, 1179.83, 808.54]], "area": 92288.0, "bbox": [1178.05, 808.54, 181.19, 543.17], "iscrowd": 0, "attributes": {"occluded": false}}, {"id": 98, "image_id": 4, "category_id": 1, "segmentation": [[602.38, 1320.68, 793.44, 1309.27, 799.99, 789.44, 607.52, 800.56]], "area": 99601.0, "bbox": [602.38, 789.44, 197.61, 531.24], "iscrowd": 0, "attributes": {"occluded": false}}, {"id": 99, "image_id": 4, "category_id": 2, "segmentation": [[342.6, 1397.6, 342.61, 1383.7, 342.99, 1354.09, 350.12, 836.07, 349.53, 771.71, 347.35, 768.34, 347.94, 732.5, 350.12, 612.5, 350.71, 602.6, 353.49, 601.41, 359.82, 601.81, 519.43, 577.45, 611.6, 568.9, 629.81, 568.02, 800.66, 559.94, 896.95, 560.47, 908.92, 561.04, 946.28, 562.75, 1086.57, 568.17, 1089.71, 570.45, 1182.68, 577.19, 1187.04, 577.4, 1358.94, 602.07, 1440.03, 620.67, 1445.65, 623.12, 1573.95, 654.66, 1603.04, 635.83, 1492.06, 606.63, 1399.58, 580.3, 1290.51, 562.47, 1134.16, 543.18, 993.78, 535.1, 856.5, 528.87, 789.53, 531.36, 632.76, 536.55, 515.6, 546.71, 352.62, 570.97, 321.51, 576.36, 318.61, 585.28, 317.99, 610.99, 314.46, 617.83, 319.44, 624.88, 319.23, 648.52, 316.75, 670.29, 316.95, 705.75, 319.23, 712.8, 315.5, 737.89, 314.46, 755.31, 315.29, 783.31, 317.99, 791.39, 312.81, 797.41, 303.27, 809.02, 304.51, 812.34, 315.92, 816.07, 319.86, 820.01, 319.44, 840.33, 316.95, 848.62, 319.23, 860.24, 316.12, 865.83, 314.46, 874.96, 316.12, 881.8, 316.33, 912.49, 314.46, 920.37, 314.05, 943.8, 314.05, 953.76, 316.12, 958.11, 317.37, 963.92, 317.16, 981.54, 314.67, 991.29, 313.84, 998.13, 314.88, 1007.25, 314.05, 1015.96, 313.01, 1025.29, 313.84, 1034.0, 315.5, 1043.54, 314.67, 1055.98, 313.01, 1062.62, 314.67, 1077.55, 312.6, 1091.03, 311.56, 1101.4, 313.64, 1121.72, 312.81, 1141.42, 310.11, 1161.94, 311.15, 1181.64, 310.11, 1201.55, 309.7, 1217.93, 311.77, 1224.15, 314.05, 1224.78, 310.11, 1233.48, 309.07, 1266.45, 308.87, 1278.48, 310.11, 1284.91, 309.49, 1300.25, 310.11, 1311.04, 310.32, 1327.42, 308.45, 1332.19, 309.28, 1354.58, 309.7, 1361.22, 309.49, 1376.36, 309.49, 1386.93, 307.41, 1393.15, 306.88, 1396.51]], "area": 64235.0, "bbox": [303.27, 528.87, 1299.77, 868.73], "iscrowd": 0, "attributes": {"occluded": false}}, {"id": 100, "image_id": 4, "category_id": 4, "segmentation": [[1600.06, 1628.67, 1600.55, 1599.56, 1601.3, 1394.77, 1603.54, 935.67, 1604.04, 867.49, 1612.99, 862.77, 1615.98, 860.53, 1608.76, 848.08, 1603.29, 838.13, 1605.53, 793.84, 1603.04, 635.83, 1655.53, 621.51, 1661.72, 744.82, 1665.33, 1154.51, 1664.3, 1515.18, 1662.23, 1645.72, 1627.15, 1635.4]], "area": 61196.0, "bbox": [1600.06, 621.51, 65.27, 1024.21], "iscrowd": 0, "attributes": {"wall frame": true, "window apron": false, "window header": false, "occluded": false}}, {"id": 101, "image_id": 4, "category_id": 5, "segmentation": [[0.0, 1778.5, 144.08, 1747.69, 149.21, 1742.55, 159.48, 1741.27, 172.32, 1745.12, 443.23, 1707.89, 447.08, 1701.47, 453.5, 1697.62, 465.05, 1697.62, 470.19, 1706.6, 590.88, 1696.33, 887.46, 1691.2, 888.75, 1686.06, 911.86, 1684.78, 920.85, 1689.91, 1132.69, 1698.9, 1289.33, 1707.89, 1467.79, 1731.0, 1575.64, 1750.26, 1603.89, 1750.26, 1627.0, 1752.82, 1630.85, 1757.96, 1781.07, 1797.76, 1788.77, 1796.48, 1820.87, 1800.33, 1824.72, 1810.6, 2002.0, 1867.09, 2002.0, 1943.62, 1760.27, 1866.58, 1575.39, 1826.52, 1372.01, 1794.17, 1160.94, 1780.3, 905.18, 1764.89, 707.97, 1764.89, 476.87, 1780.3, 159.48, 1823.44, 0.0, 1851.17]], "area": 153961.0, "bbox": [0.0, 1684.78, 2002.0, 258.84], "iscrowd": 0, "attributes": {"occluded": false}}, {"id": 102, "image_id": 4, "category_id": 1, "segmentation": [[342.99, 1354.09, 513.84, 1329.38, 515.98, 1327.0, 518.36, 811.35, 513.61, 811.11, 350.12, 836.07]], "area": 88281.0, "bbox": [342.99, 811.11, 175.37, 542.98], "iscrowd": 0, "attributes": {"occluded": false}}, {"id": 103, "image_id": 4, "category_id": 1, "segmentation": [[896.95, 560.47, 896.66, 624.63, 896.09, 730.42, 1078.3, 737.83, 1086.86, 738.4, 1088.57, 735.83, 1088.85, 706.18, 1090.56, 574.15, 1089.71, 570.45, 1086.57, 568.17, 946.28, 562.75, 908.92, 561.04]], "area": 32774.0, "bbox": [896.09, 560.47, 194.47, 177.93], "iscrowd": 0, "attributes": {"occluded": false}}, {"id": 104, "image_id": 4, "category_id": 1, "segmentation": [[342.61, 1561.35, 344.61, 1562.2, 511.71, 1538.25, 514.27, 1359.75, 510.28, 1359.46, 342.61, 1383.7]], "area": 30404.0, "bbox": [342.61, 1359.46, 171.66, 202.74], "iscrowd": 0, "attributes": {"occluded": false}}, {"id": 105, "image_id": 4, "category_id": 5, "segmentation": [[0.0, 1851.17, 159.48, 1823.44, 476.87, 1780.3, 707.97, 1764.89, 905.18, 1764.89, 1160.94, 1780.3, 1372.01, 1794.17, 1575.39, 1826.52, 1760.27, 1866.58, 2002.0, 1943.62, 2002.0, 1977.0, 1425.01, 1977.0, 1240.13, 1953.78, 1040.46, 1940.84, 824.14, 1933.45, 641.11, 1940.84, 312.01, 1970.42, 225.12, 1977.0, 0.0, 1977.0]], "area": 303275.0, "bbox": [0.0, 1764.89, 2002.0, 212.11], "iscrowd": 0, "attributes": {"occluded": false}}, {"id": 106, "image_id": 4, "category_id": 4, "segmentation": [[305.63, 1584.88, 306.63, 1568.45, 308.12, 1563.73, 306.63, 1556.51, 308.12, 1549.79, 307.62, 1532.62, 309.36, 1523.91, 306.13, 1523.17, 306.88, 1517.44, 308.12, 1509.98, 307.62, 1490.07, 308.62, 1480.86, 307.37, 1476.39, 308.12, 1471.16, 307.37, 1455.23, 310.36, 1445.28, 307.87, 1438.31, 308.87, 1429.36, 307.87, 1424.88, 308.87, 1402.98, 306.88, 1396.51, 307.41, 1393.15, 309.49, 1386.93, 309.49, 1376.36, 309.7, 1361.22, 309.28, 1354.58, 308.45, 1332.19, 310.32, 1327.42, 310.11, 1311.04, 309.49, 1300.25, 310.11, 1284.91, 308.87, 1278.48, 309.07, 1266.45, 310.11, 1233.48, 314.05, 1224.78, 311.77, 1224.15, 309.7, 1217.93, 310.11, 1201.55, 311.15, 1181.64, 310.11, 1161.94, 312.81, 1141.42, 313.64, 1121.72, 311.56, 1101.4, 312.6, 1091.03, 314.67, 1077.55, 313.01, 1062.62, 314.67, 1055.98, 315.5, 1043.54, 313.84, 1034.0, 313.01, 1025.29, 314.05, 1015.96, 314.88, 1007.25, 313.84, 998.13, 314.67, 991.29, 317.16, 981.54, 317.37, 963.92, 316.12, 958.11, 314.05, 953.76, 314.05, 943.8, 314.46, 920.37, 316.33, 912.49, 316.12, 881.8, 314.46, 874.96, 316.12, 865.83, 319.23, 860.24, 316.95, 848.62, 319.44, 840.33, 319.86, 820.01, 315.92, 816.07, 304.51, 812.34, 303.27, 809.02, 312.81, 797.41, 317.99, 791.39, 315.29, 783.31, 314.46, 755.31, 315.5, 737.89, 319.23, 712.8, 316.95, 705.75, 316.75, 670.29, 319.23, 648.52, 319.44, 624.88, 314.46, 617.83, 317.99, 610.99, 318.61, 585.28, 321.51, 576.36, 272.68, 560.41, 271.96, 607.7, 266.94, 959.21, 257.63, 1454.41, 257.98, 1592.36]], "area": 49180.0, "bbox": [257.63, 560.41, 63.88, 1031.95], "iscrowd": 0, "attributes": {"wall frame": true, "window apron": false, "window header": false, "occluded": false}}, {"id": 107, "image_id": 4, "category_id": 5, "segmentation": [[0.0, 511.92, 152.42, 478.75, 260.48, 458.42, 412.41, 430.6, 545.09, 415.62, 660.64, 407.06, 795.45, 403.85, 908.86, 401.71, 990.18, 402.78, 1076.84, 408.13, 1207.37, 422.04, 1342.18, 439.16, 1468.44, 463.77, 1600.04, 496.94, 2002.0, 642.45, 2002.0, 0.0, 0.0, 0.0]], "area": 926953.0, "bbox": [0.0, 0.0, 2002.0, 642.45], "iscrowd": 0, "attributes": {"occluded": false}}, {"id": 108, "image_id": 4, "category_id": 5, "segmentation": [[2002.0, 1761.81, 1707.89, 1661.67, 1662.23, 1645.72, 1664.3, 1515.18, 1665.33, 1154.51, 1661.72, 744.82, 1655.53, 621.51, 2002.0, 752.04]], "area": 343937.0, "bbox": [1655.53, 621.51, 346.47, 1140.3], "iscrowd": 0, "attributes": {"occluded": false}}, {"id": 109, "image_id": 4, "category_id": 1, "segmentation": [[890.27, 1340.58, 889.25, 1519.55, 1083.95, 1527.76, 1086.0, 1348.11]], "area": 35029.0, "bbox": [889.25, 1340.58, 196.75, 187.18], "iscrowd": 0, "attributes": {"occluded": false}}, {"id": 110, "image_id": 4, "category_id": 1, "segmentation": [[347.35, 768.34, 349.53, 771.71, 366.56, 770.72, 514.87, 747.75, 518.44, 747.35, 518.64, 743.79, 519.43, 582.8, 519.43, 577.45, 359.82, 601.81, 353.49, 601.41, 350.71, 602.6, 350.12, 612.5, 347.94, 732.5]], "area": 28889.0, "bbox": [347.35, 577.45, 172.08, 194.26], "iscrowd": 0, "attributes": {"occluded": false}}, {"id": 111, "image_id": 4, "category_id": 1, "segmentation": [[1181.02, 745.15, 1192.22, 746.4, 1323.06, 764.85, 1352.72, 769.41, 1356.2, 763.3, 1358.52, 610.78, 1358.94, 602.07, 1187.04, 577.4, 1182.68, 577.19, 1181.64, 625.71]], "area": 29581.0, "bbox": [1181.02, 577.19, 177.92, 192.22], "iscrowd": 0, "attributes": {"occluded": false}}, {"id": 112, "image_id": 4, "category_id": 5, "segmentation": [[225.12, 1977.0, 312.01, 1970.42, 641.11, 1940.84, 824.14, 1933.45, 1040.46, 1940.84, 1240.13, 1953.78, 1425.01, 1977.0, 803.5, 1977.0]], "area": 31342.0, "bbox": [225.12, 1933.45, 1199.89, 43.55], "iscrowd": 0, "attributes": {"occluded": false}}, {"id": 113, "image_id": 4, "category_id": 1, "segmentation": [[599.14, 1530.02, 788.85, 1518.93, 792.14, 1514.0, 794.19, 1344.83, 792.14, 1339.9, 601.2, 1351.4]], "area": 34467.0, "bbox": [599.14, 1339.9, 195.05, 190.12], "iscrowd": 0, "attributes": {"occluded": false}}, {"id": 114, "image_id": 4, "category_id": 2, "segmentation": [[342.61, 1561.35, 344.61, 1562.2, 511.71, 1538.25, 514.27, 1359.75, 510.28, 1359.46, 342.61, 1383.7, 342.99, 1354.09, 513.84, 1329.38, 515.98, 1327.0, 518.36, 811.35, 513.61, 811.11, 350.12, 836.07, 349.53, 771.71, 366.56, 770.72, 514.87, 747.75, 518.44, 747.35, 518.64, 743.79, 519.43, 582.8, 519.43, 577.45, 611.6, 568.9, 608.9, 572.3, 607.94, 736.5, 609.61, 737.93, 798.05, 728.9, 800.42, 723.43, 800.42, 564.46, 800.66, 559.94, 896.95, 560.47, 896.66, 624.63, 896.09, 730.42, 1078.3, 737.83, 1086.86, 738.4, 1088.57, 735.83, 1088.85, 706.18, 1090.56, 574.15, 1089.71, 570.45, 1182.68, 577.19, 1181.64, 625.71, 1181.02, 745.15, 1192.22, 746.4, 1323.06, 764.85, 1352.72, 769.41, 1356.2, 763.3, 1358.52, 610.78, 1358.94, 602.07, 1440.03, 620.67, 1436.86, 624.42, 1436.14, 698.0, 1436.43, 783.25, 1442.05, 786.7, 1571.36, 821.55, 1575.25, 819.1, 1575.25, 661.42, 1573.95, 654.66, 1603.04, 635.83, 1605.53, 793.84, 1603.29, 838.13, 1608.76, 848.08, 1615.98, 860.53, 1612.99, 862.77, 1604.04, 867.49, 1603.54, 935.67, 1601.3, 1394.77, 1600.55, 1599.56, 1600.06, 1628.67, 1564.97, 1620.96, 1566.57, 1609.93, 1570.33, 1606.57, 1570.13, 1517.06, 1570.73, 1433.1, 1432.31, 1396.27, 1432.78, 1365.94, 1439.38, 1367.59, 1478.71, 1378.05, 1569.19, 1402.11, 1571.12, 1398.54, 1573.32, 889.59, 1573.45, 886.57, 1570.15, 885.05, 1439.65, 847.79, 1436.21, 848.48, 1359.24, 832.7, 1179.83, 808.54, 1178.05, 1328.55, 1082.86, 1318.97, 1087.43, 1315.83, 1086.57, 801.42, 895.23, 792.29, 894.09, 795.43, 890.39, 1310.41, 793.44, 1309.27, 799.99, 789.44, 607.52, 800.56, 602.38, 1320.68, 601.2, 1351.4, 599.14, 1530.02, 788.85, 1518.93, 792.14, 1514.0, 794.19, 1344.83, 792.14, 1339.9, 890.27, 1340.58, 889.25, 1519.55, 1083.95, 1527.76, 1086.0, 1348.11, 1177.19, 1359.37, 1176.37, 1534.13, 1178.68, 1537.26, 1187.26, 1538.25, 1349.6, 1557.5, 1349.73, 1577.41, 1176.54, 1557.75, 1085.47, 1551.53, 922.49, 1544.07, 846.34, 1541.83, 842.36, 1544.32, 832.66, 1546.06, 823.2, 1543.82, 803.3, 1543.82, 697.54, 1548.3, 550.23, 1555.76, 513.65, 1559.5, 499.47, 1559.99, 389.99, 1571.19, 329.02, 1581.14, 305.63, 1584.88, 306.63, 1568.45, 308.12, 1563.73, 306.63, 1556.51, 308.12, 1549.79, 307.62, 1532.62, 309.36, 1523.91, 306.13, 1523.17, 306.88, 1517.44, 308.12, 1509.98, 307.62, 1490.07, 308.62, 1480.86, 307.37, 1476.39, 308.12, 1471.16, 307.37, 1455.23, 310.36, 1445.28, 307.87, 1438.31, 308.87, 1429.36, 307.87, 1424.88, 308.87, 1402.98, 306.88, 1396.51, 342.6, 1397.6]], "area": 399242.0, "bbox": [305.63, 559.94, 1310.35, 1068.73], "iscrowd": 0, "attributes": {"occluded": false}}, {"id": 115, "image_id": 4, "category_id": 1, "segmentation": [[895.23, 792.29, 894.09, 795.43, 890.39, 1310.41, 894.95, 1310.7, 1082.86, 1318.97, 1087.43, 1315.83, 1086.57, 801.42]], "area": 100919.0, "bbox": [890.39, 792.29, 197.04, 526.68], "iscrowd": 0, "attributes": {"occluded": false}}, {"id": 116, "image_id": 4, "category_id": 1, "segmentation": [[1177.19, 1359.37, 1176.37, 1534.13, 1178.68, 1537.26, 1187.26, 1538.25, 1349.6, 1557.5, 1353.5, 1553.9, 1353.93, 1381.32]], "area": 31370.0, "bbox": [1176.37, 1359.37, 177.56, 198.13], "iscrowd": 0, "attributes": {"occluded": false}}, {"id": 117, "image_id": 4, "category_id": 1, "segmentation": [[1431.54, 1363.19, 1432.78, 1365.94, 1439.38, 1367.59, 1478.71, 1378.05, 1569.19, 1402.11, 1571.12, 1398.54, 1573.32, 889.59, 1573.45, 886.57, 1570.15, 885.05, 1439.65, 847.79, 1436.21, 848.48, 1436.08, 853.98]], "area": 71788.0, "bbox": [1431.54, 847.79, 141.91, 554.32], "iscrowd": 0, "attributes": {"occluded": false}}, {"id": 118, "image_id": 5, "category_id": 2, "segmentation": [[119.75, 1066.87, 124.01, 1069.19, 502.39, 1068.03, 686.17, 1068.03, 687.33, 874.2, 690.4, 733.0, 124.78, 738.01, 125.17, 712.86, 686.55, 710.15, 688.49, 700.09, 693.9, 375.49, 122.46, 381.68, 125.17, 358.59, 690.36, 354.08, 694.55, 347.31, 695.52, 21.67, 689.39, 20.06, 715.51, 20.06, 719.38, 351.82, 1290.05, 347.31, 1290.69, 12.97, 1313.58, 13.61, 1315.52, 348.6, 1353.0, 348.28, 1353.0, 371.47, 1313.5, 372.5, 1290.05, 370.63, 714.0, 376.81, 714.54, 711.05, 1285.48, 706.48, 1285.21, 729.05, 709.7, 732.92, 711.8, 1015.3, 711.64, 1069.52, 711.78, 1078.0, 118.9, 1078.0]], "area": 92206.0, "bbox": [118.9, 12.97, 1234.1, 1065.03], "iscrowd": 0, "attributes": {"occluded": false}}, {"id": 119, "image_id": 5, "category_id": 2, "segmentation": [[118.9, 1078.0, 119.75, 1066.87, 124.78, 738.01, 125.17, 712.86, 122.46, 381.68, 125.17, 358.59, 128.39, 29.09, 689.39, 20.06, 715.51, 20.06, 1290.69, 12.97, 1313.58, 13.61, 1353.0, 12.65, 1353.0, 0.0, 94.29, 0.0, 86.49, 1004.64, 85.4, 1078.0]], "area": 61611.0, "bbox": [85.4, 0.0, 1267.6, 1078.0], "iscrowd": 0, "attributes": {"occluded": false}}, {"id": 120, "image_id": 5, "category_id": 1, "segmentation": [[711.64, 1069.52, 717.12, 1070.16, 1281.34, 1068.23, 1283.6, 1054.36, 1285.21, 729.05, 709.7, 732.92, 711.8, 1015.3]], "area": 193915.0, "bbox": [709.7, 729.05, 575.51, 341.11], "iscrowd": 0, "attributes": {"occluded": false}}, {"id": 121, "image_id": 5, "category_id": 1, "segmentation": [[1353.0, 12.65, 1313.58, 13.61, 1315.52, 348.6, 1353.0, 348.28]], "area": 12871.0, "bbox": [1313.58, 12.65, 39.42, 335.95], "iscrowd": 0, "attributes": {"occluded": false}}, {"id": 122, "image_id": 5, "category_id": 1, "segmentation": [[125.17, 358.59, 690.36, 354.08, 694.55, 347.31, 695.52, 21.67, 689.39, 20.06, 128.39, 29.09]], "area": 188540.0, "bbox": [125.17, 20.06, 570.35, 338.53], "iscrowd": 0, "attributes": {"occluded": false}}, {"id": 123, "image_id": 5, "category_id": 1, "segmentation": [[1353.0, 703.89, 1311.16, 703.89, 1313.5, 372.5, 1353.0, 371.47]], "area": 13488.0, "bbox": [1311.16, 371.47, 41.84, 332.42], "iscrowd": 0, "attributes": {"occluded": false}}, {"id": 124, "image_id": 5, "category_id": 1, "segmentation": [[1353.0, 1065.09, 1307.91, 1065.56, 1310.23, 729.89, 1353.0, 729.42]], "area": 14727.0, "bbox": [1307.91, 729.42, 45.09, 336.14], "iscrowd": 0, "attributes": {"occluded": false}}, {"id": 125, "image_id": 5, "category_id": 1, "segmentation": [[714.54, 711.05, 714.0, 376.81, 1290.05, 370.63, 1285.48, 706.48]], "area": 192134.0, "bbox": [714.0, 370.63, 576.05, 340.42], "iscrowd": 0, "attributes": {"occluded": false}}, {"id": 126, "image_id": 5, "category_id": 5, "segmentation": [[85.4, 1078.0, 86.49, 1004.64, 94.29, 0.0, 0.0, 0.0, 0.0, 1078.0]], "area": 97028.0, "bbox": [0.0, 0.0, 94.29, 1078.0], "iscrowd": 0, "attributes": {"occluded": false}}, {"id": 127, "image_id": 5, "category_id": 1, "segmentation": [[119.75, 1066.87, 124.01, 1069.19, 502.39, 1068.03, 686.17, 1068.03, 687.33, 874.2, 690.4, 733.0, 124.78, 738.01]], "area": 188190.0, "bbox": [119.75, 733.0, 570.65, 336.19], "iscrowd": 0, "attributes": {"occluded": false}}, {"id": 128, "image_id": 5, "category_id": 1, "segmentation": [[125.17, 712.86, 686.55, 710.15, 688.49, 700.09, 693.9, 375.49, 122.46, 381.68]], "area": 188894.0, "bbox": [122.46, 375.49, 571.44, 337.37], "iscrowd": 0, "attributes": {"occluded": false}}, {"id": 129, "image_id": 5, "category_id": 2, "segmentation": [[711.78, 1078.0, 711.64, 1069.52, 717.12, 1070.16, 1281.34, 1068.23, 1283.6, 1054.36, 1285.21, 729.05, 1285.48, 706.48, 1290.05, 370.63, 1313.5, 372.5, 1311.16, 703.89, 1353.0, 703.89, 1353.0, 729.42, 1310.23, 729.89, 1307.91, 1065.56, 1353.0, 1065.09, 1353.0, 1078.0]], "area": 24158.0, "bbox": [711.64, 370.63, 641.36, 707.37], "iscrowd": 0, "attributes": {"occluded": false}}, {"id": 130, "image_id": 5, "category_id": 1, "segmentation": [[719.38, 351.82, 1290.05, 347.31, 1290.69, 12.97, 715.51, 20.06]], "area": 190772.0, "bbox": [715.51, 12.97, 575.18, 338.85], "iscrowd": 0, "attributes": {"occluded": false}}]}